sampled,Date,River SectioNo,SegmeNot,TraNosect,FB Yes_No,Time,WaypoiNot,Coord No,Coord E,Dom_Sub,SubDom_Sub,Embedded,VegetatioNo,Area Sampled,ChiNoook,NoPM,Stickleback,SculpiNo,Dace,Sucker,Site
yes,3/2/2013,2,6,221,Yes,10:36,B221LS03,46.57275,119.34306,9,9,1,1,74.7,,,,,,,56
yes,3/2/2013,2,6,221,Yes,10:15,B221LS01,46.57273,119.34286,8,9,3,1,78.5,,,,,,,56
yes,3/2/2013,2,6,221,Yes,10:25,B221LS02,46.57272,119.34277,1,9,3,2,63.74,,,,,,,56
yes,3/3/2013,1,2,82,Yes,11:37,B082LS01,46.39145,119.36725,9,9,1,1,13.3,,,,,,,21
yes,3/5/2013,2,3,159,Yes,12:07,B159RS01,46.40528,119.27645,5,7,2,1,18.9,,,,,,,40
yes,3/5/2013,2,3,159,Yes,12:11,B159RS02,46.40533,119.27648,5,7,2,1,18.9,,,,,,,40
yes,3/5/2013,2,3,159,Yes,12:16,B159RS03,46.40525,119.27643,5,7,2,1,18.9,,,,,,,40
yes,3/5/2013,2,3,159,Yes,12:35,B159LS01,46.40616,119.27176,1,1,4,1,27.4,,,,,,,40
yes,3/5/2013,2,3,159,Yes,12:37,B159LS02,46.40621,119.27173,1,1,4,1,18.9,,,,,,,40
yes,3/5/2013,2,3,159,Yes,12:42,B159LS03,46.4061,119.27179,1,1,4,1,18.9,,,,,,,40
yes,3/5/2013,2,4,169,Yes,9:49,B169RS01,46.39531,119.26266,6,8,2,1,31.9,1,,,,,,43
yes,3/5/2013,2,4,169,Yes,10:10,B169RS02,46.39527,119.26262,6,8,2,1,34.9,,,,,,,43
yes,3/5/2013,2,4,169,Yes,10:30,B169RS03,46.39537,119.26271,6,8,2,1,27.4,,,,,,,43
yes,3/5/2013,2,4,169,Yes,11:15,B169LS01,46.39844,119.25908,1,1,4,1,70.4,,,,,,,43
yes,3/5/2013,2,4,169,Yes,11:24,B169LS02,46.39841,119.259,1,1,4,1,47.2,,,,,,,43
yes,3/6/2013,3,8,343,Yes,10:36,B343IL02,46.1966,119.15314,1,3,4,1,40.66,,,,,,,86
yes,3/6/2013,3,8,343,Yes,10:40,B343IL03,46.19649,119.15316,1,4,4,1,66.6,,,,,,,86
yes,3/6/2013,3,8,343,Yes,10:31,B343MIL01,46.19655,119.15315,1,3,4,1,58.16,,,,,,,86
yes,3/6/2013,3,8,355,Yes,9:35,B355MIL01,46.18114,119.15639,6,9,3,1,39.25,,,,,,,89
yes,3/6/2013,3,8,355,Yes,9:45,B355MIL02,46.18119,119.15636,6,8,3,1,39.25,,,,,,,89
yes,3/6/2013,3,8,355,Yes,9:51,B355MIL03,46.18109,119.1564,6,8,3,1,39.25,,,,,,,89
yes,3/6/2013,3,8,357,Yes,9:13,B357RS01,46.17916,119.15943,1,3,4,2,34.5,,,,,,,90
yes,3/6/2013,3,8,357,Yes,9:15,B357RS02,46.1791,119.15947,1,6,4,1,35.46,,,,,,,90
yes,3/6/2013,3,8,357,Yes,9:23,B357RS03,46.17921,119.1594,1,8,4,2,28.37,,,,,,,90
yes,3/6/2013,3,8,359,Yes,9:03,B359RS05,46.17676,119.16067,1,4,4,1,58.16,,,,,,,90
yes,3/6/2013,3,8,359,Yes,8:32,B359RS01,46.17664,119.16073,1,7,4,1,53.43,,,,,,,90
yes,3/6/2013,3,8,359,Yes,8:40,B359RS02,46.17659,119.16075,1,2,4,1,62.66,,,,,,,90
yes,3/6/2013,3,8,359,Yes,8:48,B359RS03,46.17653,119.16077,1,5,4,2,43.97,,,,,,,90
yes,3/6/2013,3,8,359,Yes,8:54,B359RS04,46.17671,119.16069,1,4,4,1,66.67,,,,,,,90
yes,3/7/2013,1,1,27,Yes,11:15,B027MIL02,46.37936,119.46724,8,6,2,1,9.45,,,,,,,7
yes,3/7/2013,1,1,27,Yes,11:27,B027MIL03,46.37939,119.46713,8,6,2,1,9.45,,,,,,,7
yes,3/7/2013,1,1,27,Yes,11:00,B027MIL01,46.37938,119.46718,8,6,2,1,30.5,,,,,,,7
yes,3/7/2013,1,2,66,Yes,9:20,B066RS01,46.38332,119.39613,8,6,2,1,37.83,,,,,,,17
yes,3/7/2013,1,2,66,Yes,9:27,B066RS02,46.38331,119.39607,8,6,2,1,29.55,,,,,,,17
yes,3/7/2013,1,2,66,Yes,9:47,B066RS03,46.38333,119.39622,8,6,2,1,30.5,,,,,,,17
yes,3/8/2013,1,2,77,Yes,10:46,B077MIL01,46.38885,119.37609,6,8,1,1,29.3,,,,,,,20
yes,3/8/2013,1,2,77,Yes,11:00,B077MIL02,46.38885,119.37619,6,8,1,1,18.9,,,,,,,20
yes,3/8/2013,1,2,77,Yes,11:14,B077MIL03,46.38889,119.37601,6,8,1,1,18.9,,,,,,,20
yes,3/10/2013,3,7,251,Yes,11:15,B251MIL03,46.52443,119.27684,4,8,3,1,39.25,,,,,,,63
yes,3/10/2013,3,7,251,Yes,9:37,B251RS02,46.52286,119.28002,1,1,4,1,27.4,,,,,,,63
yes,3/10/2013,3,7,251,Yes,9:48,B251RS03,46.523,119.27999,1,9,4,1,27.4,,,,,,,63
yes,3/10/2013,3,7,251,Yes,10:19,B251MIL01,46.52451,119.27694,4,8,3,1,39.25,,,,,,,63
yes,3/10/2013,3,7,251,Yes,10:49,B251MIL02,46.52456,119.27703,4,8,3,1,39.25,,,,,,,63
yes,3/10/2013,3,7,251,Yes,8:50,B251MIR01,46.52376,119.27831,4,8,3,2,18.9,,,,,,,63
yes,3/10/2013,3,7,251,Yes,9:01,B251MIR02,46.52368,119.27824,4,8,3,2,18.9,,,,,,,63
yes,3/10/2013,3,7,251,Yes,9:14,B251MIR03,46.52385,119.27839,4,8,3,2,18.9,,,,,,,63
yes,3/10/2013,3,7,251,Yes,9:33,B251RS01,46.52292,119.28004,1,9,4,1,27.4,,,,,,,63
yes,3/10/2013,3,7,288,Yes,12:16,B288MIR01,46.44717,119.26809,2,5,2,1,31.2,,,,,,,72
yes,3/10/2013,3,7,288,Yes,12:25,B288MIR02,46.44709,119.26811,2,5,2,1,31.2,,,,,,,72
yes,3/10/2013,3,7,288,Yes,12:40,B288MIR03,46.44723,119.26807,2,4,2,1,31.2,,,,,,,72
yes,3/11/2013,1,2,65,Yes,10:31,B065RS02,46.63979,119.66361,3,9,2,1,57.21,,,,,,,17
yes,3/11/2013,1,2,65,Yes,10:48,B065RS03,46.6397,119.66338,3,9,2,1,73.5,,,,,,,17
yes,3/11/2013,1,2,65,Yes,8:57,B065LS01,46.64259,119.66235,3,9,2,1,58.16,,,,,,,17
yes,3/11/2013,1,2,65,Yes,9:38,B065LS02,46.64263,119.66246,3,9,2,1,66.9,,,,,,,17
yes,3/11/2013,1,2,65,Yes,10:00,B065LS03,46.64256,119.66224,3,9,2,1,78.5,,,,,,,17
yes,3/11/2013,1,2,65,Yes,10:17,B065RS01,46.63976,119.66346,3,9,2,1,78.5,,,,,,,17
yes,3/11/2013,1,2,72,Yes,11:57,B072LS03,46.64405,119.64147,3,9,2,1,35.4,,,,,,,18
yes,3/11/2013,1,2,72,Yes,11:18,B072LS01,46.64404,119.64129,3,9,2,1,27.4,,,,,,,18
yes,3/11/2013,1,2,72,Yes,11:40,B072LS02,46.64404,119.64138,3,9,2,1,32.1,,,,,,,18
yes,3/11/2013,1,2,76,Yes,12:49,B076LS02,46.64538,119.62864,3,9,2,1,27.4,,,,,,,19
yes,3/11/2013,1,2,76,Yes,13:00,B076LS03,46.64529,119.62888,3,8,2,1,27.4,,,,,,,19
yes,3/11/2013,1,2,76,Yes,12:39,B076LS01,46.64537,119.62878,3,9,2,1,27.4,,,,,,,19
yes,3/12/2013,1,2,119,Yes,10:10,B119RS03,46.42694,119.31848,7,9,2,1,36.4,,,,,,,30
yes,3/12/2013,1,2,119,Yes,10:29,B119RS04,46.42689,119.31849,7,9,2,1,40.43,,,,,,,30
yes,3/12/2013,1,2,119,Yes,9:14,B119RS01,46.71162,119.53078,7,9,2,1,39.9,,,,,,,30
yes,3/12/2013,1,2,119,Yes,9:43,B119RS02,46.71172,119.53086,7,9,2,1,39.9,,,,,,,30
yes,3/12/2013,1,2,119,Yes,10:45,B119RS05,46.42708,119.31841,7,9,2,1,34.5,,,,,,,30
yes,3/12/2013,2,3,125,Yes,12:16,B125LS01,46.43661,119.31529,1,3,1,1,27.4,,,,,,,32
yes,3/12/2013,2,3,125,Yes,12:20,B125LS02,46.72768,119.52547,1,3,1,1,27.4,,,,,,,32
yes,3/12/2013,2,3,125,Yes,12:23,B125LS03,46.4366,119.31537,1,4,2,1,31.2,,,,,,,32
yes,3/12/2013,2,3,125,Yes,11:50,B125RIR02,46.43312,119.31236,8,4,1,1,21.75,,,,,,,32
yes,3/12/2013,2,3,125,Yes,12:39,B125RIL01,46.72295,119.52132,8,3,2,1,37.25,,,,,,,32
yes,3/12/2013,2,3,125,Yes,11:25,B125RIR01,46.72183,119.52045,8,4,1,1,25.29,,,,,,,32
yes,3/15/2013,2,4,185,Yes,8:54,B185LIL01,46.38034,119.24667,5,8,1,1,78.5,,,,,,,47
yes,3/15/2013,2,4,185,Yes,9:38,B185LIL02,46.38031,119.24673,5,8,1,1,39.25,,,,,,,47
yes,3/15/2013,2,4,185,Yes,10:08,B185MIM01,46.38027,119.2472,5,7,2,1,48.74,,,,,,,47
yes,3/15/2013,2,4,185,Yes,10:22,B185MIM02,46.38026,119.24729,5,7,2,1,78.5,,,,,,,47
yes,3/15/2013,2,4,185,Yes,11:18,B185MIR02,46.38028,119.24806,5,8,2,1,66.3,,,,,,,47
yes,3/15/2013,2,4,185,Yes,11:27,B185MIR03,46.38018,119.24804,4,7,2,1,48.47,,,,,,,47
yes,3/15/2013,2,4,185,Yes,10:36,B185MIM03,46.38021,119.24746,5,7,2,1,39.25,,,,,,,47
yes,3/15/2013,2,4,185,Yes,11:10,B185MIR01,46.38022,119.24805,5,8,2,1,53.4,,,,,,,47
yes,3/15/2013,2,4,185,Yes,12:38,B185RIL03,46.37997,119.24917,7,4,2,1,78.5,,,,,,,47
yes,3/15/2013,2,4,185,Yes,12:44,B185RIL04,46.38002,119.24922,6,4,2,1,14.2,,,,,,,47
yes,3/15/2013,2,4,185,Yes,12:17,B185RIL01,46.38003,119.24914,6,8,2,1,78.5,,,,,,,47
yes,3/15/2013,2,4,185,Yes,12:30,B185RIL02,46.37998,119.24915,5,7,2,1,78.5,,,,,,,47
yes,3/15/2013,2,4,185,Yes,12:50,B185RIL05,46.38009,119.24922,6,7,2,2,14.2,,,,,,,47
yes,3/15/2013,2,4,185,Yes,12:55,B185RIL06,46.37998,119.24922,6,7,2,1,14.2,,,,,,,47
yes,3/15/2013,2,4,185,Yes,12:59,B185RIR01,46.37993,119.24974,4,3,3,1,48.72,,,,,,,47
yes,3/15/2013,2,4,185,Yes,13:02,B185RIR02,46.37998,119.24976,4,1,3,1,45.39,,,,,,,47
yes,3/15/2013,2,4,185,Yes,13:05,B185RIR03,46.37988,119.2497,4,3,3,1,39.25,,,,,,,47
yes,3/16/2013,3,7,274,Yes,16:21,B274LS05,46.47684,119.26115,3,8,3,1,39.25,2,,,,,,69
yes,3/16/2013,3,7,274,Yes,13:50,B274LS01,46.47668,119.26112,3,8,3,1,39.25,3,,,,,,69
yes,3/16/2013,3,7,274,Yes,14:33,B274LS02,46.47679,119.26112,3,8,3,1,39.25,,,,,,,69
yes,3/16/2013,3,7,274,Yes,15:01,B274LS03,46.4766,119.2611,3,8,3,1,39.25,1,,,,,,69
yes,3/16/2013,3,7,274,Yes,15:52,B274LS04,46.4765,119.26109,3,8,3,1,39.25,,,,,,,69
yes,3/19/2013,1,2,73,Yes,10:25,B073LS01,46.64527,119.36838,8,4,1,1,18.91,,,,,,,19
yes,3/19/2013,1,2,73,Yes,10:45,B073LS02,46.6453,119.63827,8,4,1,1,9.45,,,,,,,19
yes,3/19/2013,1,2,73,Yes,11:00,B073LS03,46.64523,119.63851,8,5,2,1,18.91,,,,,,,19
yes,3/19/2013,2,4,169,Yes,12:50,B169LS01,46.66444,119.43182,1,1,4,1,38.75,,,,,,,43
yes,3/19/2013,2,4,169,Yes,13:01,B169LS02,46.6645,119.43199,1,1,4,1,38.75,,,,,,,43
yes,3/19/2013,2,4,169,Yes,13:10,B169LS03,46.66434,119.43153,1,1,4,1,38.75,,,,,,,43
yes,3/20/2013,1,1,9,Yes,9:40,B009LS01,46.62751,119.83646,8,3,1,1,27.42,,,,,,,3
yes,3/20/2013,1,1,9,Yes,9:52,B009LS02,46.62753,119.83633,8,3,1,1,21.7,,,,,,,3
yes,3/20/2013,1,1,9,Yes,10:05,B009LS03,46.6275,119.83656,8,3,1,1,18.91,,,,,,,3
yes,3/20/2013,1,2,113,Yes,12:20,B113MIR01,46.70153,119.54162,8,5,2,1,18.91,,,,,,,29
yes,3/20/2013,1,2,113,Yes,12:50,B113MIR02,46.7016,119.54148,8,4,1,1,18.91,,,,,,,29
yes,3/20/2013,1,2,113,Yes,13:01,B113MIR03,46.70151,119.54173,7,3,2,1,9.45,,,,,,,29
yes,3/21/2013,1,2,66,Yes,12:02,B066RS02,46.63885,119.63889,7,9,3,1,18.91,,,,,,,17
yes,3/21/2013,1,2,66,Yes,12:25,B066RS03,46.63889,119.66033,7,9,3,1,18.91,,,,,,,17
yes,3/21/2013,1,2,66,Yes,11:45,B066RS01,46.6389,119.66019,7,9,3,1,18.91,,,,,,,17
yes,3/21/2013,1,2,75,Yes,9:40,B075LS01,46.64469,119.63121,8,9,2,1,18.91,,,,,,,19
yes,3/21/2013,1,2,75,Yes,9:58,B075LS02,46.64473,119.63109,8,9,2,1,16.01,,,,,,,19
yes,3/21/2013,1,2,75,Yes,10:20,B075LS03,46.64479,119.631,8,9,2,1,16.07,,,,,,,19
yes,3/21/2013,1,2,75,Yes,10:40,B075LS04,46.6447,119.63134,8,9,2,1,16.07,,,,,,,19
yes,3/21/2013,1,2,75,Yes,10:55,B075LS05,46.64463,119.63141,8,9,2,1,16.07,,,,,,,19
yes,3/23/2013,1,1,49,Yes,11:40,B049RS01,46.64666,119.71239,8,4,2,1,14.18,,,,,,,13
yes,3/23/2013,1,1,49,Yes,11:52,B049RS02,46.64669,119.71231,8,4,2,1,14.18,,,,,,,13
yes,3/23/2013,1,1,49,Yes,12:08,B049RS03,46.64664,119.71249,8,4,2,1,53.43,,,,,,,13
yes,3/23/2013,1,2,72,Yes,10:54,B072LS03,46.64403,119.64137,8,9,1,1,23.17,,,,,,,18
yes,3/23/2013,1,2,72,Yes,10:27,B072LS01,46.64403,119.64127,8,9,1,1,23.17,,,,,,,18
yes,3/23/2013,1,2,72,Yes,10:40,B072LS02,46.64403,119.6412,8,9,1,1,23.17,,,,,,,18
yes,3/23/2013,1,2,72,Yes,9:58,B072RS03,46.64009,119.63952,9,8,1,1,18.91,,,,,,,18
yes,3/23/2013,1,2,72,Yes,9:33,B072RS01,46.64005,119.63966,9,8,1,1,18.91,,,,,,,18
yes,3/23/2013,1,2,72,Yes,9:45,B072RS02,46.64002,119.63976,9,8,1,1,18.91,,,,,,,18
yes,3/24/2013,3,7,248,Yes,8:40,B248RS01,46.52812,119.2843,1,9,4,1,12.95,,,,,,,62
yes,3/24/2013,3,7,248,Yes,8:45,B248RS02,46.52806,119.2842,1,9,4,1,12.95,,,,,,,62
yes,3/24/2013,3,7,248,Yes,8:51,B248RS03,46.52819,119.28437,1,9,4,1,12.95,,,,,,,62
yes,3/24/2013,3,7,293,Yes,11:57,B293MIL01,46.4357,119.26243,7,4,2,1,14.19,,,,,,,74
yes,3/24/2013,3,7,293,Yes,12:10,B293MIL02,46.43577,119.26243,7,4,2,1,14.19,,,,,,,74
yes,3/24/2013,3,7,293,Yes,12:19,B293MIL03,46.43567,119.26241,7,4,2,1,14.19,,,,,,,74
yes,3/24/2013,3,7,293,Yes,12:12,B293MIR01,46.43605,119.26892,1,7,4,1,34.52,,,,,,,74
yes,3/24/2013,3,7,293,Yes,12:17,B293MIR02,46.4361,119.26891,1,7,4,1,34.52,,,,,,,74
yes,3/24/2013,3,7,293,Yes,12:22,B293MIR03,46.43598,119.26892,1,7,4,1,34.52,,,,,,,74
yes,3/24/2013,3,7,306,Yes,10:55,B306MIR01,46.40684,119.2636,7,3,2,1,39.25,,,,,,,77
yes,3/24/2013,3,7,306,Yes,10:30,B306MIR02,46.40676,119.26361,7,3,2,1,39.25,,,,,,,77
yes,3/24/2013,3,7,306,Yes,10:48,B306MIR03,46.40693,119.26358,7,3,2,1,39.25,,,,,,,77
yes,3/24/2013,3,7,306,Yes,11:16,B306MIL01,46.40682,119.26326,4,7,2,1,34.52,,,,,,,77
yes,3/24/2013,3,7,306,Yes,11:24,B306MIL02,46.40672,119.26328,4,7,2,1,34.52,,,,,,,77
yes,3/24/2013,3,7,306,Yes,11:10,B306MIL03,46.40692,119.26324,4,7,2,1,35.93,,,,,,,77
yes,3/25/2013,1,1,48,Yes,12:46,B048RS01,46.64586,119.71534,6,9,3,1,12.95,,,,,,,12
yes,3/25/2013,1,1,48,Yes,13:17,B048RS02,46.6458,119371542,3,8,3,1,19.39,1,,,,,,12
yes,3/25/2013,1,1,48,Yes,13:51,B048RS04,46.6459,119.71525,4,9,3,1,12.95,,,,,,,12
yes,3/25/2013,1,1,48,Yes,13:38,B048RS03,46.64574,119.71551,3,8,3,1,12.95,,,,,,,12
yes,3/25/2013,1,1,48,Yes,14:10,B048RS05,46.64596,119.71515,3,8,3,1,14.19,,,,,,,12
yes,3/27/2013,1,2,74,Yes,13:56,B047MIR01,46.64422,119.63439,4,8,2,1,27.66,,,,,,,19
yes,3/27/2013,1,2,74,Yes,14:15,B047MIR02,46.64424,119.63427,4,8,2,1,34.04,,,,,,,19
yes,3/27/2013,1,2,74,Yes,14:24,B047MIR03,46.64423,119.63448,4,8,2,1,34.52,,,,,,,19
yes,3/27/2013,1,2,74,Yes,15:00,B047MIL01,46.64568,119.63518,4,8,2,1,27.42,,,,,,,19
yes,3/27/2013,1,2,74,Yes,15:15,B047MIL02,46.64566,119.6353,5,9,2,1,27.42,,,,,,,19
yes,3/27/2013,1,2,74,Yes,15:30,B047MIL03,46.64568,119.63517,5,9,2,1,27.42,,,,,,,19
yes,3/29/2013,1,1,45,Yes,11:41,B045LS01,46.64708,119.72599,1,1,4,3,78.5,,,,,,,12
yes,3/29/2013,1,1,45,Yes,11:47,B045LS02,46.64714,119.72601,1,1,3,3,78.5,,,,,,,12
yes,3/29/2013,1,1,45,Yes,11:57,B045LS03,46.64726,119.72606,1,1,4,4,78.5,,,,,,,12
yes,3/29/2013,1,2,69,Yes,9:52,B069LS01,46.64252,119.6506,5,9,4,1,39.25,,,,,,,18
yes,3/29/2013,1,2,69,Yes,10:07,B069LS02,46.64251,119.6508,1,1,4,3,62.4,,,,,,,18
yes,3/29/2013,1,2,69,Yes,10:20,B069LS03,46.64254,119.65094,4,8,3,1,48.81,,,,,,,18
yes,3/29/2013,1,2,69,Yes,10:32,B069LS04,46.64252,119.65051,5,9,4,3,18.92,,,,,,,18
yes,3/29/2013,1,2,69,Yes,10:47,B069LS05,46.64254,119.65033,5,9,4,3,28.37,,,,,,,18
yes,3/30/2013,1,2,91,Yes,9:26,B091LS03,46.6664,119.59183,1,1,4,4,78.5,,,,,,,23
yes,3/30/2013,1,2,91,Yes,9:49,B091RS01,46.66356,119.58755,7,9,4,1,,,,,,,,23
yes,3/30/2013,1,2,91,Yes,9:00,B091LS01,46.66645,119.59171,1,1,4,4,78.5,,,,,,,23
yes,3/30/2013,1,2,91,Yes,9:14,B091LS02,46.66654,119.59167,1,1,4,4,78.5,,,,,,,23
yes,3/30/2013,1,2,91,Yes,10:06,B091RS02,46.6635,119.58747,9,9,4,1,39.25,,,,,,,23
yes,3/30/2013,1,2,91,Yes,10:13,B091RS03,46.66357,119.58748,6,9,4,1,78.5,,,,,,,23
yes,3/30/2013,1,2,91,Yes,10:21,B091RS04,46.66362,119.58749,9,9,4,1,39.25,,,,,,,23
yes,3/30/2013,1,2,91,Yes,10:25,B091RS05,46.66352,119.58768,7,9,4,1,70.7,,,,,,,23
yes,3/30/2013,1,2,91,Yes,10:35,B091RS06,46.66345,119.58759,9,9,4,1,39.25,,,,,,,23
yes,3/30/2013,1,2,115,Yes,11:17,B115MIL01,46.7053,119.53808,3,7,3,1,39.25,,,,,,,29
yes,3/30/2013,1,2,115,Yes,11:36,B115MIL02,46.70522,119.5382,3,7,3,1,27.43,,,,,,,29
yes,3/30/2013,1,2,115,Yes,11:49,B115MIL03,46.70511,119.53829,3,7,3,1,27.43,,,,,,,29
yes,3/31/2013,3,7,296,Yes,8:46,B296MIL01,46.4291,119.26212,3,5,3,1,78.5,2,,,,,,74
yes,3/31/2013,3,7,296,Yes,9:10,B296MIL02,46.4291,119.26227,3,5,3,1,78.5,1,,,,,,74
yes,3/31/2013,3,7,296,Yes,9:34,B296MIL03,46.42902,119.2623,3,5,3,1,78.5,,,,,,,74
yes,3/31/2013,3,7,296,Yes,9:48,B296MIL04,46.429,119.26213,3,5,4,1,78.5,2,,,,,,74
yes,3/31/2013,3,7,296,Yes,10:12,B296MIL05,46.4289,119.2622,3,5,3,1,78.5,,,,,,,74
yes,3/31/2013,3,7,296,Yes,11:00,B296MIR01,46.42913,119.26344,3,5,3,1,78.5,,,,,,,74
yes,3/31/2013,3,7,296,Yes,11:29,B296MIR02,46.42922,119.26347,3,5,3,1,78.5,,,,,,,74
yes,3/31/2013,3,7,296,Yes,11:51,B296MIR03,46.42903,119.26346,3,5,3,1,74.5,,,,,,,74
yes,4/3/2013,1,1,56,Yes,9:18,B056LS01,46.64996,119.6899,8,2,3,1,35.52,,,,,,,14
yes,4/3/2013,1,1,56,Yes,9:27,B056LS02,46.64998,119.69002,9,1,3,1,31.21,,,,,,,14
yes,4/3/2013,1,1,56,Yes,9:47,B056LS03,46.64994,119.68975,9,7,3,1,31.21,,,,,,,14
yes,4/3/2013,1,1,56,Yes,10:23,B056RS01,46.64638,119.69077,9,8,2,1,36.2,,,,,,,14
yes,4/3/2013,1,1,56,Yes,10:32,B056RS02,46.64638,119.69089,9,8,2,1,35.52,,,,,,,14
yes,4/3/2013,1,1,56,Yes,10:46,B056RS03,46.64636,119.69066,9,8,2,1,14.2,,,,,,,14
yes,4/5/2013,1,1,9,Yes,9:30,B093RS03,46.66648,119.58223,1,9,4,4,39.25,,,,,,,3
yes,4/5/2013,1,2,89,Yes,10:11,B089RS01,46.66028,119.59196,1,9,4,3,34.52,,,,,,,23
yes,4/5/2013,1,2,89,Yes,10:23,B089RS02,46.66021,119.59206,1,9,4,2,31.21,,,,,,,23
yes,4/5/2013,1,2,89,Yes,10:30,B089RS03,46.66014,119.59217,1,9,4,2,27.43,,,,,,,23
yes,4/5/2013,1,2,89,Yes,10:46,B089LS01,46.66312,119.59632,1,9,1,2,66.7,,,,,,,23
yes,4/5/2013,1,2,89,Yes,10:54,B089LS02,46.66307,119.59641,1,8,4,2,63.13,,,,,,,23
yes,4/5/2013,1,2,89,Yes,11:25,B089LS03,46.663,119.59652,7,1,4,2,53.44,,,,,,,23
yes,4/5/2013,1,2,93,Yes,9:10,B093RS01,46.66644,119.58231,1,9,4,3,39.25,,,,,,,24
yes,4/5/2013,1,2,93,Yes,9:24,B093RS02,46.66638,119.5824,1,9,4,3,43.74,,,,,,,24
yes,4/7/2013,2,3,152,Yes,9:47,B152MIR01,46.69199,119.45286,2,5,3,1,18.92,,,,,,,38
yes,4/7/2013,2,3,152,Yes,10:40,B152MIL01,46.69244,119.4514,1,1,4,4,35.52,,,,,,,38
yes,4/7/2013,2,3,152,Yes,10:51,B152MIL02,46.69251,119.45142,1,1,4,4,35.52,,,,,,,38
yes,4/7/2013,2,3,152,Yes,9:54,B152MIR02,46.69204,119.45296,2,5,3,1,18.92,,,,,,,38
yes,4/7/2013,2,3,152,Yes,10:00,B152MIR03,46.69191,119.45278,2,5,3,1,18.92,1,,,,,,38
yes,4/7/2013,2,3,152,Yes,11:00,B152MIL03,46.69257,119.45146,1,1,4,4,35.52,,,,,,,38
yes,4/7/2013,2,4,165,Yes,9:15,B156LS03,46.668,119.44399,1,1,4,3,14.2,,,,,,,42
yes,4/7/2013,2,4,165,Yes,8:58,B156LS01,46.66795,119.4439,1,1,4,3,14.2,,,,,,,42
yes,4/7/2013,2,4,165,Yes,9:07,B156LS02,46.66792,119.44382,1,1,4,3,14.2,,,,,,,42
yes,4/8/2013,2,4,178,Yes,9:20,B178LIR01,46.64748,119.41779,1,5,4,1,78.5,,,,,,,45
yes,4/8/2013,2,4,178,Yes,9:30,B178LIR02,46.64752,119.41775,1,1,4,1,69.9,,,,,,,45
yes,4/8/2013,2,4,178,Yes,9:42,B178LIR03,46.64738,119.41765,4,6,4,1,78.5,,,,,,,45
yes,4/8/2013,2,4,178,Yes,10:42,B178MIR01,46.64688,119.41922,4,7,4,1,27.42,,,,,,,45
yes,4/8/2013,2,4,178,Yes,11:45,B178RIL01,46.64619,119.42091,1,4,4,2,27.42,,,,,,,45
yes,4/8/2013,2,4,178,Yes,11:52,B178RIL02,46.64627,119.42094,1,4,4,2,27.42,,,,,,,45
yes,4/8/2013,2,4,178,Yes,10:55,B178MIR02,46.46481,119.41912,4,7,4,1,27.42,,,,,,,45
yes,4/8/2013,2,4,178,Yes,11:09,B178MIR03,46.64672,119.41907,4,7,4,1,18.92,,,,,,,45
yes,4/8/2013,2,4,178,Yes,12:06,B178RIL03,46.64614,119.42091,1,4,4,2,27.42,,,,,,,45
yes,4/9/2013,1,1,52,Yes,12:58,B052RS01,46.64668,119.70348,1,9,4,4,73.77,,,,,,,13
yes,4/9/2013,1,1,52,Yes,13:10,B052RS02,46.64667,119.70359,1,9,4,4,66.67,,,,,,,13
yes,4/9/2013,1,1,52,Yes,13:18,B052RS03,46.64668,119.7037,1,9,4,3,73.77,,,,,,,13
yes,4/9/2013,1,1,57,Yes,11:28,B057RS01,46.64566,119.68806,1,9,4,4,54.43,,,,,,,15
yes,4/9/2013,1,1,57,Yes,11:50,B057RS02,46.64559,119.68787,1,9,4,4,54.43,,,,,,,15
yes,4/9/2013,1,1,57,Yes,12:16,B057RS03,46.64566,119.68817,1,9,4,4,26.95,,,,,,,15
yes,4/10/2013,3,7,262,Yes,,B262MIL01,46.50249,119.2646,5,3,1,2,64.08,,,,,,,66
yes,4/10/2013,3,7,262,Yes,,B262MIL02,46.50257,119.26467,5,3,1,2,27.43,,,,,,,66
yes,4/10/2013,3,7,262,Yes,,B262MIL03,46.5024,119.26546,5,3,1,2,24.83,,,,,,,66
yes,4/10/2013,3,7,262,Yes,,B262MIR01,46.5024,119.26864,5,3,3,2,24.83,,,,,,,66
yes,4/10/2013,3,7,262,Yes,,B262MIR02,46.5025,119.26562,5,3,1,2,26.01,,,,,,,66
yes,4/10/2013,3,7,262,Yes,,B262MIR03,46.50234,119.26563,5,3,1,2,25.3,,,,,,,66
yes,4/11/2013,3,7,250,Yes,,B250RS03,46.52463,119.28158,1,1,3,4,64.3,,,,,,,63
yes,4/11/2013,3,7,250,Yes,,B250RS04,46.52441,119.2814,1,9,4,4,64.07,,,,,,,63
yes,4/11/2013,3,7,250,Yes,,B250RS01,46.52458,119.28154,1,1,4,4,64.3,,,,,,,63
yes,4/11/2013,3,7,250,Yes,,B250RS01,46.52458,119.28154,1,1,4,4,61.4,,,,,,,63
yes,4/11/2013,3,7,250,Yes,,B250RS05,46.5247,119.28167,1,1,4,3,68.5,,,,,,,63
yes,4/11/2013,3,7,281,Yes,,B281RS02,46.46212,119.26493,1,1,4,3,67.6,1,,,,,,71
yes,4/11/2013,3,7,281,Yes,,B281RS03,46.4623,119.26491,1,1,4,3,67.4,,,,,,,71
yes,4/11/2013,3,7,281,Yes,,B281RS01,46.46222,119.26493,1,1,4,3,64.3,,,,,,,71
yes,4/11/2013,3,7,281,Yes,,B281RS04,46.46421,119.26492,1,1,4,3,67.04,,,,,,,71
yes,4/11/2013,3,7,281,Yes,,B281RS05,46.46247,119.26488,1,1,4,3,67.04,,,,,,,71
yes,4/12/2013,1,1,25,Yes,,B025RS05,46.63057,119.78411,1,8,4,4,39.25,,,,,,,7
yes,4/12/2013,1,1,25,Yes,8:38,B025RS01,46.63052,119.78452,1,7,4,4,16.08,,,,,,,7
yes,4/12/2013,1,1,25,Yes,8:47,B025RS02,46.63053,119.78438,1,8,4,4,28.85,,,,,,,7
yes,4/12/2013,1,1,25,Yes,8:58,B025RS03,46.63052,119.78464,1,8,4,4,20.33,,,,,,,7
yes,4/12/2013,1,1,25,Yes,9:17,B025RS04,46.63054,119.78424,1,7,4,4,37.36,,,,,,,7
yes,4/12/2013,1,1,32,Yes,,B032RS01,46.63364,119.76315,1,9,4,4,53.43,,,,,,,8
yes,4/12/2013,1,1,32,Yes,,B032RS02,,,1,8,4,4,40.19,,,,,,,8
yes,4/12/2013,1,1,32,Yes,,B032RS03,46.63366,119.76306,1,8,4,4,73.77,,,,,,,8
yes,4/12/2013,1,1,32,Yes,,B032RS04,46.63359,119.7634,1,8,4,4,33.58,,,,,,,8
yes,4/12/2013,1,1,32,Yes,,B032RS05,46.63356,119.76354,8,1,4,4,45.87,,,,,,,8
yes,4/12/2013,1,1,51,Yes,,B051RS03,46.64643,119.70592,1,8,4,4,66.67,,,,,,,13
yes,4/12/2013,1,1,51,Yes,,B051LS01,46.65098,119.70673,1,9,4,4,23.17,,,,,,,13
yes,4/12/2013,1,1,51,Yes,,B051LS02,46.65098,119.70687,1,9,4,4,27.42,,,,,,,13
yes,4/12/2013,1,1,51,Yes,,B051LS03,46.651,119.70659,1,9,4,4,19.86,,,,,,,13
yes,4/12/2013,1,1,51,Yes,,B051RS01,46.64642,119.70609,1,9,4,4,30.27,,,,,,,13
yes,4/12/2013,1,1,51,Yes,,B051RS02,46.64639,119.70621,1,9,4,4,50.6,,,,,,,13
yes,4/13/2013,1,1,40,Yes,12:39,B040LS01,46.64142,119.7402,1,8,4,4,73.78,,,,,,,10
yes,4/13/2013,1,1,40,Yes,12:39,B040LS02,46.64147,119.74008,1,8,4,3,73.78,,,,,,,10
yes,4/13/2013,1,1,40,Yes,12:55,B040LS03,46.64138,119.7403,1,8,4,4,78.5,,,,,,,10
yes,4/13/2013,1,1,40,Yes,13:01,B040RS01,46.63755,119.73711,1,9,4,4,18.92,,,,,,,10
yes,4/13/2013,1,1,40,Yes,13:09,B040RS02,46.63751,119.73726,1,9,4,4,23.17,,,,,,,10
yes,4/13/2013,1,1,40,Yes,13:17,B040RS03,46.6376,119.73702,1,9,4,4,18.92,,,,,,,10
yes,4/13/2013,1,1,58,Yes,8:58,B058LS01,46.64922,119.68292,1,9,4,3,66.68,,,,,,,15
yes,4/13/2013,1,1,58,Yes,9:12,B058LS02,46.64923,119.68304,1,9,4,3,73.77,,,,,,,15
yes,4/13/2013,1,1,58,Yes,9:21,B058LS03,46.6492,119.68282,1,9,4,3,62.42,,,,,,,15
yes,4/13/2013,1,1,58,Yes,9:45,B058RS01,46.64513,119.68507,1,9,4,4,68.8,,,,,,,15
yes,4/13/2013,1,1,58,Yes,9:55,B058RS02,46.64507,119.6851,1,9,4,4,27.42,,,,,,,15
yes,4/13/2013,1,1,58,Yes,10:03,B058RS03,46.64516,119.6852,1,9,4,3,78.5,,,,,,,15
yes,4/13/2013,1,1,58,Yes,10:14,B058RS04,46.6451,119.68523,1,9,4,3,18.92,,,,,,,15
yes,4/13/2013,1,1,58,Yes,10:23,B058RS05,46.64511,119.68494,1,9,4,4,78.5,,,,,,,15
yes,4/13/2013,1,1,58,Yes,10:30,B058RS06,46.64504,119.685,1,9,4,4,39.25,,,,,,,15
yes,4/13/2013,1,2,79,Yes,10:56,B079LS01,46.64923,119.62046,8,1,2,1,78.5,,,,,,,20
yes,4/13/2013,1,2,79,Yes,11:12,B079LS02,46.6493,119.62053,8,1,2,1,58.17,,,,,,,20
yes,4/13/2013,1,2,79,Yes,11:48,B079RS01,46.64532,119.617,1,1,4,4,20.57,,,,,,,20
yes,4/13/2013,1,2,79,Yes,12:03,B079RS02,46.64536,119.61687,1,1,4,4,18.92,,,,,,,20
yes,4/13/2013,1,2,79,Yes,12:15,B079RS03,46.6453,119.61711,1,1,4,4,18.92,,,,,,,20
yes,4/14/2013,2,5,195,Yes,10:58,B195RS01,46.61191,119.40659,1,8,3,4,20.33,,,,,,,49
yes,4/14/2013,2,5,195,Yes,11:05,B195RS02,46.61187,119.40657,1,8,4,4,20.33,,,,,,,49
yes,4/14/2013,2,5,195,Yes,11:09,B195RS03,46.61187,119.40657,1,9,4,4,24.35,,,,,,,49
yes,4/14/2013,2,5,195,Yes,11:20,B195RS04,46.61176,119.40651,1,8,4,4,18.92,,,,,,,49
yes,4/14/2013,2,5,195,Yes,11:23,B195RS05,46.61168,119.40643,1,8,4,4,26.48,,,,,,,49
yes,4/15/2013,1,1,17,Yes,10:20,B017LS02,46.63077,119.81146,1,1,4,4,39.25,,,,,,,5
yes,4/15/2013,1,1,17,Yes,10:30,B017LS03,46.63072,119.81155,1,1,4,4,39.25,,,,,,,5
yes,4/15/2013,1,1,17,Yes,9:40,B017RS01,46.62705,119.80987,1,1,4,4,66.67,,,,,,,5
yes,4/15/2013,1,1,17,Yes,9:50,B017RS02,46.62707,119.80975,1,1,4,4,69.51,,,,,,,5
yes,4/15/2013,1,1,17,Yes,9:58,B017RS03,46.62704,119.81001,1,1,4,4,64.54,,,,,,,5
yes,4/15/2013,1,1,17,Yes,10:10,B017LS01,46.63076,119.81133,1,1,4,4,56.03,,,,,,,5
yes,4/15/2013,1,2,93,Yes,11:48,B093RS03,46.66628,119.58236,1,1,4,4,39.25,,,,,,,24
yes,4/15/2013,1,2,93,Yes,11:24,B093RS01,46.66632,119.58224,1,1,4,4,39.25,,,,,,,24
yes,4/15/2013,1,2,93,Yes,11:37,B093RS02,46.66636,119.58211,1,1,4,4,39.25,,,,,,,24
yes,4/15/2013,1,2,103,Yes,12:48,B103LS04,46.68705,119.56732,1,1,4,4,78.5,,,,,,,26
yes,4/15/2013,1,2,103,Yes,12:15,B103LS01,46.68704,119.56715,1,1,4,4,78.5,1,,,,,,26
yes,4/15/2013,1,2,103,Yes,12:25,B103LS02,,,1,1,4,4,78.5,,,,,,,26
yes,4/15/2013,1,2,103,Yes,12:39,B103LS03,46.68701,119.56722,1,1,4,4,78.5,,,,,,,26
yes,4/16/2013,2,3,157,Yes,12:50,B157MIL03,46.6804,119.45634,4,6,3,1,34.52,,,,,,,40
yes,4/16/2013,2,3,157,Yes,12:40,B157MIL01,46.368034,119.45639,4,6,3,1,34.52,,,,,,,40
yes,4/16/2013,2,3,157,Yes,12:45,B157MIL02,46.68025,119.45644,4,6,3,1,34.52,,,,,,,40
yes,4/16/2013,2,4,172,Yes,10:07,B172MIL05,46.65543,119.4267,6,7,1,2,78.5,,,,,,,43
yes,4/16/2013,2,4,172,Yes,10:22,B172MIL06,46.65532,119.42675,6,7,1,2,39.25,,,,,,,43
yes,4/16/2013,2,4,172,Yes,9:43,B172MIL03,46.6555,119.42687,7,8,1,2,78.5,,,,,,,43
yes,4/16/2013,2,4,172,Yes,9:58,B172MIL04,46.65542,119.42693,7,8,1,2,39.25,,,,,,,43
yes,4/16/2013,2,4,172,Yes,9:13,B172MIL01,46.65544,119.42677,6,7,1,2,78.5,,,,,,,43
yes,4/16/2013,2,4,172,Yes,9:35,B172MIL02,46.65541,119.4269,6,7,1,2,39.25,,,,,,,43
yes,4/16/2013,2,4,172,Yes,12:15,B172LS05,46.66048,119.42379,1,6,4,2,78.5,,,,,,,43
yes,4/16/2013,2,4,172,Yes,12:25,B172LS06,46.66055,119.42368,1,5,4,2,48.7,,,,,,,43
yes,4/16/2013,2,4,172,Yes,12:00,B172LS03,46.66039,119.42358,1,5,4,2,78.5,,,,,,,43
yes,4/16/2013,2,4,172,Yes,12:10,B172LS04,46.66045,119.42353,1,6,4,2,74.95,,,,,,,43
yes,4/16/2013,2,4,172,Yes,11:47,B172LS01,46.66043,119.4237,1,5,4,2,78.5,,,,,,,43
yes,4/16/2013,2,4,172,Yes,11:55,B172LS02,46.66052,119.42363,1,5,4,2,74.95,,,,,,,43
yes,4/17/2013,1,2,98,Yes,11:47,B098LS01,46.6779,119.57681,1,9,4,4,75.18,,,,,,,25
yes,4/17/2013,1,2,98,Yes,12:05,B098LS02,46.67796,119.57677,1,9,4,4,53.43,,,,,,,25
yes,4/17/2013,1,2,98,Yes,12:16,B098LS03,46.67785,119.57691,1,9,4,4,62.42,,,,,,,25
yes,4/17/2013,1,2,101,Yes,8:57,B101LS01,46.68329,119.57099,1,1,4,4,78.5,,,,,,,26
yes,4/17/2013,1,2,101,Yes,9:15,B101LS02,46.68336,119.57092,1,1,4,4,78.5,,,,,,,26
yes,4/17/2013,1,2,101,Yes,9:41,B101LS03,46.68344,119.57085,1,1,4,4,73.77,,,,,,,26
yes,4/17/2013,1,2,101,Yes,10:34,B101LS04,46.68322,119.57107,1,1,4,4,65.73,,,,,,,26
yes,4/17/2013,1,2,101,Yes,11:06,B101LS05,46.68314,119.57114,1,1,4,4,66.67,,,,,,,26
yes,4/18/2013,1,2,87,Yes,11:38,B087RS03,46.65679,119.59683,1,9,3,3,41.61,,,,,,,22
yes,4/18/2013,1,2,87,Yes,12:10,B087LS01,46.66022,119.60073,1,8,3,3,76.6,,,,,,,22
yes,4/18/2013,1,2,87,Yes,12:25,B087LS02,46.66033,119.60063,1,8,3,2,76.6,,,,,,,22
yes,4/18/2013,1,2,87,Yes,12:33,B087LS03,46.66016,119.60081,1,8,3,3,75.18,,,,,,,22
yes,4/18/2013,1,2,87,Yes,11:10,B087RS01,46.65694,119.59667,1,9,3,3,43.97,,,,,,,22
yes,4/18/2013,1,2,87,Yes,11:22,B087RS02,46.65687,119.59676,1,9,3,3,36.88,,,,,,,22
yes,4/18/2013,1,2,105,Yes,10:11,B105LS05,46.69109,119.56407,1,1,4,4,66.67,,,,,,,27
yes,4/18/2013,1,2,105,Yes,9:09,B105LS01,46.69101,119.56413,1,1,4,4,78.5,,,,,,,27
yes,4/18/2013,1,2,105,Yes,9:29,B105LS02,46.69106,119.56427,1,1,4,4,78.5,,,,,,,27
yes,4/18/2013,1,2,105,Yes,9:48,B105LS03,46.69092,119.56419,1,1,4,4,78.5,,,,,,,27
yes,4/18/2013,1,2,105,Yes,9:57,B105LS04,46.69099,119.56435,1,1,4,4,73.77,,,,,,,27
yes,4/18/2013,1,2,105,Yes,10:17,B105LS06,46.69115,119.56417,1,1,4,4,16.07,,,,,,,27
yes,4/19/2013,2,5,202,Yes,12:46,B202MIL04,46.60025,119.3901,1,6,4,2,34.52,,,,,,,51
yes,4/19/2013,2,5,202,Yes,15:33,B202MIL05,46.60028,119.39017,1,8,4,2,34.52,,,,,,,51
yes,4/19/2013,2,5,202,Yes,12:12,B202MIR05,46.59777,119.39446,1,1,4,3,62.42,,,,,,,51
yes,4/19/2013,2,5,202,Yes,12:31,B202MIL01,46.60022,119.39001,1,7,3,2,34.52,,,,,,,51
yes,4/19/2013,2,5,202,Yes,12:36,B202MIL02,463.60016,119.38998,1,7,3,2,34.52,,,,,,,51
yes,4/19/2013,2,5,202,Yes,12:41,B202MIL03,46.60012,119.38992,1,7,3,2,62.42,,,,,,,51
yes,4/19/2013,2,5,202,Yes,11:55,B202MIR03,46.59755,119.3943,1,1,4,3,51.07,1,,,,,,51
yes,4/19/2013,2,5,202,Yes,12:05,B202MIR04,46.59771,119.39436,1,1,4,3,51.07,,,,,,,51
yes,4/19/2013,2,5,202,Yes,11:37,B202MIR01,46.59765,119.39426,1,1,4,3,62.42,,,,,,,51
yes,4/19/2013,2,5,202,Yes,11:37,B202MIR02,46.59758,119.39423,1,1,4,3,43.97,,,,,,,51
yes,4/21/2013,2,3,129,Yes,10:20,B129MIR02,46.72038,119.51022,7,6,1,1,39.25,,,,,,,33
yes,4/21/2013,2,3,129,Yes,9:32,B129MIL03,46.72397,119.50877,1,8,4,1,9.45,,,,,,,33
yes,4/21/2013,2,3,129,Yes,10:05,B129MIR01,46.72029,119.51025,7,6,1,1,78.5,,,,,,,33
yes,4/21/2013,2,3,129,Yes,9:20,B129MIL01,46.72401,119.50903,1,8,4,1,9.45,,,,,,,33
yes,4/21/2013,2,3,129,Yes,9:25,B129MIL02,46.72398,119.50887,1,8,4,1,9.45,,,,,,,33
yes,4/21/2013,2,3,142,Yes,12:13,B142LIR02,46.70959,119.47416,1,8,4,3,34.5,,,,,,,36
yes,4/21/2013,2,3,142,Yes,12:16,B142LIR03,46.70972,119.47427,1,8,4,3,14.18,,,,,,,36
yes,4/21/2013,2,3,142,Yes,12:05,B142RIL03,46.70955,119.4746,1,8,4,2,18.91,,,,,,,36
yes,4/21/2013,2,3,142,Yes,12:10,B142LIR01,46.70968,119.4742,1,8,4,3,27.42,,,,,,,36
yes,4/21/2013,2,3,142,Yes,11:49,B142RIL01,46.70951,119.47459,1,8,4,2,18.91,,,,,,,36
yes,4/21/2013,2,3,142,Yes,11:56,B142RIL02,46.70936,119.47449,1,8,4,2,18.91,,,,,,,36
yes,4/21/2013,2,3,142,Yes,11:16,B142RIR02,46.70937,119.47493,8,1,3,1,39.25,,,,,,,36
yes,4/21/2013,2,3,142,Yes,11:22,B142RIR03,46.70922,119.47492,8,1,3,1,39.25,,,,,,,36
yes,4/21/2013,2,3,142,Yes,11:08,B142RIR01,46.70928,119.47491,8,1,3,1,39.25,,,,,,,36
yes,4/22/2013,1,2,86,Yes,,B086RS01,46.65524,119.5988,1,9,4,3,39.25,,,,,,,22
yes,4/22/2013,1,2,86,Yes,,B086RS02,46.65517,119.59887,1,9,4,2,39.25,,,,,,,22
yes,4/22/2013,1,2,86,Yes,,B086RS03,46.65507,119.59894,1,9,4,2,39.25,,,,,,,22
yes,4/22/2013,1,2,86,Yes,,B086LS02,46.65854,119.60273,1,8,4,2,78.5,,,,,,,22
yes,4/22/2013,1,2,86,Yes,,B086LS03,46.6586,119.60262,1,7,4,2,78.5,,,,,,,22
yes,4/22/2013,1,2,86,Yes,,B086LS01,46.65848,119.60286,1,8,4,2,78.5,,,,,,,22
yes,4/22/2013,1,2,96,Yes,,B096LS05,46.67409,119.58057,8,4,3,2,47.76,,,,,,,24
yes,4/22/2013,1,2,96,Yes,,B096LS01,46.6743,119.58043,7,9,3,2,48.7,,,,,,,24
yes,4/22/2013,1,2,96,Yes,,B096LS02,46.67434,119.58031,6,8,3,3,39.72,,,,,,,24
yes,4/22/2013,1,2,96,Yes,,B096LS03,46.67422,119.58044,5,8,3,2,58.16,,,,,,,24
yes,4/22/2013,1,2,96,Yes,,B096LS04,46.67417,119.58054,7,1,3,3,58.16,,,,,,,24
yes,4/23/2013,1,2,99,Yes,10:02,B099LS03,46.67968,119.57433,1,8,4,2,78.5,,,,,,,25
yes,4/23/2013,1,2,99,Yes,10:10,B099LS04,46.67947,119.57458,1,8,4,2,78.5,,,,,,,25
yes,4/23/2013,1,2,99,Yes,9:50,B099LS01,46.67955,119.57449,1,8,4,2,78.5,,,,,,,25
yes,4/23/2013,1,2,99,Yes,9:57,B099LS02,46.6796,119.57442,1,8,4,2,78.5,,,,,,,25
yes,4/23/2013,1,2,99,Yes,10:20,B099LS05,46.67941,119.57467,1,8,4,2,78.5,,,,,,,25
yes,4/23/2013,2,3,125,Yes,11:20,B125MIR01,46.72491,119.52299,6,8,2,1,78.5,,,,,,,32
yes,4/23/2013,2,3,125,Yes,11:28,B125MIR02,46.72494,119.52292,6,8,1,1,39.25,,,,,,,32
yes,4/23/2013,2,3,125,Yes,11:39,B125MIR03,46.72485,119.52313,6,8,1,1,39.25,,,,,,,32
yes,4/23/2013,2,3,125,Yes,11:48,B125MIL01,46.7263,119.52441,4,5,1,1,18.91,,,,,,,32
yes,4/23/2013,2,3,125,Yes,12:00,B125MIL02,46.72633,119.52431,5,5,1,1,42.08,,,,,,,32
yes,4/23/2013,2,3,125,Yes,12:08,B125MIL03,46.72637,119.52416,4,5,1,1,37.83,,,,,,,32
yes,4/24/2013,1,1,10,Yes,9:49,B010LS05,46.62784,119.83323,8,6,2,2,9.45,,,1,,,,3
yes,4/24/2013,1,1,10,Yes,9:33,B010LS03,46.62781,119.83361,8,7,2,2,14.18,,,,,,,3
yes,4/24/2013,1,1,10,Yes,9:40,B010LS04,46.62784,119.83334,8,6,2,2,14.18,,,,,,,3
yes,4/24/2013,1,1,10,Yes,9:20,B010LS01,46.62787,119.83344,6,1,3,2,19.81,,,,,,,3
yes,4/24/2013,1,1,10,Yes,9:25,B010LS02,46.62782,119.8335,7,6,2,1,18.91,,,,,,,3
yes,4/25/2013,2,5,208,Yes,11:46,B208RS05,46.58761,119.38055,5,1,3,2,66.67,,,,,,,52
yes,4/25/2013,2,5,208,Yes,11:25,B208RS01,46.58742,119.38019,1,9,4,4,31.68,,,,,,,52
yes,4/25/2013,2,5,208,Yes,11:34,B208RS02,46.58748,119.38026,1,1,4,4,23.88,,,,,,,52
yes,4/25/2013,2,5,208,Yes,11:37,B208RS03,46.58751,119.38037,1,9,4,3,41.61,,,,,,,52
yes,4/25/2013,2,5,208,Yes,11:40,B208RS04,46.58757,119.38048,1,9,4,2,58.16,,,1,,,,52
yes,4/25/2013,2,5,208,Yes,11:09,B208LS01,46.59135,119.37422,1,1,4,4,28.13,,,,,,,52
yes,4/25/2013,2,5,208,Yes,11:16,B208LS02,46.59143,119.37426,1,1,4,4,43.97,,,,,,,52
yes,4/25/2013,3,7,281,Yes,10:06,B281RS02,46.46229,119.26489,1,1,4,3,39.25,,,,,,,71
yes,4/25/2013,3,7,281,Yes,10:10,B281RS03,46.46241,119.26492,1,9,4,3,58.16,,,,,,,71
yes,4/25/2013,3,7,281,Yes,9:28,B281LS03,46.46164,119.25566,5,1,3,2,78.5,,,,,,,71
yes,4/25/2013,3,7,281,Yes,10:00,B281RS01,46.46221,119.26492,1,9,4,3,48.7,,,,,,,71
yes,4/25/2013,3,7,281,Yes,9:18,B281LS01,46.46154,119.25565,7,1,3,1,66.67,,,,,,,71
yes,4/25/2013,3,7,281,Yes,9:25,B281LS02,46.4615,119.25562,6,1,3,1,48.7,,,,,,,71
yes,4/25/2013,3,8,337,Yes,13:55,B337MIR03,46.34033,119.26031,1,6,4,2,73.77,,,,,,,85
yes,4/25/2013,3,8,337,Yes,13:37,B337MIL02,46.34069,119.25815,1,5,4,1,78.5,,,,,,,85
yes,4/25/2013,3,8,337,Yes,13:41,B337MIL03,46.34065,119.25828,1,5,4,1,39.25,,,,,,,85
yes,4/25/2013,3,8,337,Yes,13:44,B337MIR01,46.34042,119.26031,1,6,4,2,78.5,,,,,,,85
yes,4/25/2013,3,8,337,Yes,13:47,B337MIR02,46.34049,119.26034,1,5,4,2,73.77,,,,,,,85
yes,4/25/2013,3,8,337,Yes,13:35,B337MIL01,46.34067,119.25803,1,4,4,3,78.5,,,,,,,85
yes,4/27/2013,1,1,27,Yes,9:58,B027RS04,46.43115,119.77827,1,7,4,4,14.18,,,,,,,7
yes,4/27/2013,1,1,27,Yes,10:14,B027RS05,46.6311,119.77831,1,9,4,3,78.5,,,,,,,7
yes,4/27/2013,1,1,27,Yes,9:36,B027RS02,46.63114,119.77816,1,8,4,3,30.73,,,,,,,7
yes,4/27/2013,1,1,27,Yes,9:54,B027RS03,46.63115,119.77829,8,1,4,4,63.36,,,,,,,7
yes,4/27/2013,1,1,27,Yes,9:29,B027RS01,46.63121,119.77816,1,8,4,3,78.5,2,,1,,,,7
yes,4/27/2013,1,1,35,Yes,8:59,B035RS05,46.63424,119.75298,7,4,3,1,18.91,,,,,,,9
yes,4/27/2013,1,1,35,Yes,8:48,B035RS03,46.63424,119.75323,4,1,3,1,18.91,1,,,,,,9
yes,4/27/2013,1,1,35,Yes,8:53,B035RS04,46.63423,119.75307,5,1,3,1,18.91,1,,,,,,9
yes,4/27/2013,1,1,35,Yes,8:34,B035RS01,46.63423,119.75336,5,1,3,1,23.17,,,,,,,9
yes,4/27/2013,1,1,35,Yes,8:43,B035RS02,46.63425,119.75347,6,8,3,1,30.78,,,,,,,9
yes,4/27/2013,1,1,45,Yes,11:00,B045RS01,46.64322,119.7235,8,9,3,2,70.46,,,,,,,12
yes,4/27/2013,1,1,45,Yes,11:05,B045RS02,46.64318,119.72364,1,8,3,2,39.25,,,,,,,12
yes,4/27/2013,1,1,45,Yes,11:10,B045RS03,46.64314,119.72376,1,8,3,2,39.25,,,,,,,12
yes,4/27/2013,1,1,45,Yes,11:15,B045RS04,46.64325,119.7234,1,8,4,2,39.25,,,,,,,12
yes,4/27/2013,1,1,45,Yes,11:20,B045RS05,46.64327,119.7233,8,9,4,2,39.25,,,1,,,,12
yes,4/27/2013,1,1,48,Yes,12:30,B048RS05,46.64516,119.7143,1,8,4,3,39.25,,,,,,,12
yes,4/27/2013,1,1,48,Yes,12:00,B047RS01,46.64516,119.71494,1,8,4,2,39.25,,,,,,,12
yes,4/27/2013,1,1,48,Yes,12:08,B048RS02,46.64513,119.71507,1,8,4,2,39.25,,,,,,,12
yes,4/27/2013,1,1,48,Yes,12:14,B048RS03,46.64513,119.71521,1,9,3,2,39.25,,,,,,,12
yes,4/27/2013,1,1,48,Yes,12:20,B048RS04,46.64515,119.71482,1,9,4,2,39.25,,,,,,,12
yes,4/29/2013,3,7,273,Yes,8:53,B273MIL03,46.47939,119.25533,1,5,4,1,27.42,,,,,,,69
yes,4/29/2013,3,7,273,Yes,9:04,B273MIR01,46.47898,119.26006,7,3,2,1,34.52,,,,,,,69
yes,4/29/2013,3,7,273,Yes,8:49,B273MIL01,46.47948,119.25536,1,6,3,2,27.42,,,,,,,69
yes,4/29/2013,3,7,273,Yes,9:11,B273MIR02,46.47907,119.26003,7,3,2,2,34.52,,,,,,,69
yes,4/29/2013,3,7,273,Yes,9:15,B273MIR03,46.47891,119.2601,7,3,2,1,34.52,,,,,,,69
yes,4/29/2013,3,7,276,Yes,10:25,B276MIL01,46.47277,119.25456,4,7,2,1,39.25,,,,,,,69
yes,4/29/2013,3,7,276,Yes,10:28,B276MIL02,46.47286,119.2546,4,7,2,1,48.7,,,,,,,69
yes,4/29/2013,3,7,276,Yes,10:48,B276MIL05,46.47306,119.25463,4,7,2,1,39.25,,,,,,,69
yes,4/29/2013,3,7,276,Yes,10:31,B276MIL03,46.4727,119.25452,4,7,2,2,39.25,,,,,,,69
yes,4/29/2013,3,7,276,Yes,10:45,B276MIL04,46.47298,119.25464,4,7,2,2,39.25,,,,,,,69
yes,4/29/2013,3,7,287,Yes,11:41,B287LIL03,46.44855,119.25823,6,4,3,1,39.25,,,,,,,72
yes,4/29/2013,3,7,287,Yes,12:15,B287RIR01,46.44928,119.26659,8,5,2,1,31.21,,,,,,,72
yes,4/29/2013,3,7,287,Yes,11:37,B287LIL01,46.44863,119.25829,6,4,3,1,39.25,,,,,,,72
yes,4/29/2013,3,7,287,Yes,11:40,B287LIL02,46.44872,119.25837,6,4,3,1,39.25,,,,,,,72
yes,4/29/2013,3,7,287,Yes,12:21,B287RIR02,46.44935,119.26653,8,5,2,1,31.21,,,,,,,72
yes,4/29/2013,3,7,287,Yes,12:25,B287RIR03,46.44923,119.2667,8,7,3,1,31.21,,,,,,,72
yes,5/1/2013,2,6,225,Yes,9:15,B225RS03,46.56451,119.33504,1,9,4,4,9.45,,,,,,,57
yes,5/1/2013,2,6,225,Yes,8:36,B225RS04,46.56454,119.33517,1,9,3,4,9.45,,,,,,,57
yes,5/1/2013,2,6,225,Yes,8:30,B225RS01,46.56448,119.33498,1,9,4,4,9.45,,,,,,,57
yes,5/1/2013,2,6,225,Yes,8:52,B225RS02,46.56439,119.33485,1,9,4,4,9.45,,,,,,,57
yes,5/1/2013,2,6,225,Yes,9:53,B225RS05,46.56433,119.33468,1,1,4,4,9.45,,,,,,,57
yes,5/1/2013,3,7,266,Yes,10:43,B266MIR02,46.4938,119.2645,3,7,2,3,14.18,,,,,,,67
yes,5/1/2013,3,7,266,Yes,11:02,B266MIR03,46.49404,119.26446,2,7,2,3,14.18,,,,,,,67
yes,5/1/2013,3,7,266,Yes,10:28,B266MIR01,46.49391,119.26447,3,8,2,3,14.18,,,,,,,67
yes,5/1/2013,3,7,266,Yes,11:15,B266MIR04,46.49368,119.2645,3,7,2,2,14.18,,,,,,,67
yes,5/1/2013,3,7,266,Yes,11:32,B266MIR05,46.49417,119.26447,3,6,2,3,14.18,,,,,,,67
yes,5/1/2013,3,7,298,Yes,11:52,B298LIR01,46.42479,119.2677,6,1,4,2,9.45,,,,,,,75
yes,5/1/2013,3,7,298,Yes,12:04,B298LIR02,46.42468,119.26767,6,1,5,2,9.45,,,,,,,75
yes,5/1/2013,3,7,298,Yes,12:17,B298LIR03,46.42496,119.26773,6,1,4,2,9.45,,,,,,,75
yes,5/1/2013,3,7,298,Yes,12:26,B298LIR04,46.42461,119.26762,6,1,4,2,18.91,,,,,,,75
yes,5/1/2013,3,7,298,Yes,12:40,B298LIR05,46.42505,119.26772,5,1,3,3,9.45,,,,,,,75
yes,5/2/2013,1,1,36,Yes,11:08,B036LS01,46.637291,119.75095,6,2,2,4,43.97,,,,,,,9
yes,5/2/2013,1,1,36,Yes,11:21,B036LS02,46.69728,119.75084,6,2,2,4,43.97,,,,,,,9
yes,5/2/2013,1,1,36,Yes,12:15,B036RS02,46.63426,119.74963,1,7,3,4,48.7,,,,,,,9
yes,5/2/2013,1,1,36,Yes,12:35,B036RS03,46.63427,119.74982,1,7,3,4,48.7,,,,,,,9
yes,5/2/2013,1,1,36,Yes,11:35,B036LS03,46.63727,119.75111,6,2,2,4,43.97,,,,,,,9
yes,5/2/2013,1,1,36,Yes,11:58,B036RS01,46.63425,119.74979,1,7,3,4,48.7,,,,,,,9
yes,5/2/2013,1,1,52,Yes,8:45,B052LS01,46.65119,119.70335,9,1,4,4,48.7,1,,,,,,13
yes,5/2/2013,1,1,52,Yes,9:08,B052LS02,46.65117,119.70322,9,1,4,4,41.61,,,,,,,13
yes,5/2/2013,1,1,52,Yes,9:25,B052LS03,46.65119,119.70351,8,2,4,4,39.25,,,,,,,13
yes,5/2/2013,1,1,52,Yes,9:55,B052RS01,46.64684,119.70309,8,1,4,3,34.52,,,,,,,13
yes,5/2/2013,1,1,52,Yes,10:10,B052RS02,46.64678,119.70325,8,1,4,3,43.97,,,,,,,13
yes,5/2/2013,1,1,52,Yes,10:23,B052RS03,46.64686,119.70288,8,1,4,3,43.97,,,,,,,13
yes,5/3/2013,1,1,21,Yes,8:40,B021RS01,46.62935,119.7972,1,8,4,4,39.25,,,,,,,6
yes,5/3/2013,1,1,21,Yes,8:52,B021RS02,46.62937,119.79706,1,8,4,4,33.57,,,,,,,6
yes,5/3/2013,1,1,21,Yes,9:10,B021RS03,46.62934,119.79731,1,9,4,4,37.35,,,,,,,6
yes,5/3/2013,1,1,21,Yes,9:23,B021RS04,46.62933,119.79745,1,7,4,4,39.28,,,,,,,6
yes,5/3/2013,1,1,21,Yes,9:31,B021RS05,46.62928,119.79756,1,8,4,4,33.57,,,,,,,6
yes,5/3/2013,1,1,54,Yes,10:11,B054LS02,46.65078,119.69654,9,7,3,1,27.42,,,,,,,14
yes,5/3/2013,1,1,54,Yes,10:24,B054LS03,46.65083,119.69656,9,7,3,1,27.42,,,,,,,14
yes,5/3/2013,1,1,54,Yes,9:55,B054LS01,46.65079,119.6965,9,7,3,1,27.42,,,,,,,14
yes,5/3/2013,1,1,54,Yes,10:35,B054LS04,46.65078,119.69635,9,7,3,1,27.42,,,,,,,14
yes,5/3/2013,1,1,54,Yes,10:44,B054LS05,46.65681,119.69663,9,7,3,1,27.42,,,,,,,14
yes,5/5/2013,1,2,62,Yes,13:15,B062RS04,46.64196,119.67319,6,9,3,2,34.52,,,,,,,16
yes,5/5/2013,1,2,62,Yes,13:23,B062RS05,46.64203,119.67325,6,9,3,2,34.52,,,,,,,16
yes,5/5/2013,1,2,62,Yes,13:00,B062RS02,46.64194,119.67292,5,8,3,2,38.3,,,,,,,16
yes,5/5/2013,1,2,62,Yes,13:10,B062RS03,46.64187,119.67282,6,9,2,2,43.03,,,,,,,16
yes,5/5/2013,1,2,62,Yes,12:50,B062RS01,46.64193,119.67307,6,8,3,2,39.25,,,,,,,16
yes,5/5/2013,1,2,85,Yes,11:40,B085LS03,46.65718,119.60514,7,4,3,3,23.17,,,,,,,22
yes,5/5/2013,1,2,85,Yes,11:24,B085LS01,46.65714,119.60526,7,1,3,3,27.42,,,,,,,22
yes,5/5/2013,1,2,85,Yes,11:34,B085LS02,46.65706,119.60533,7,1,3,3,31.21,,,,,,,22
yes,5/5/2013,1,2,85,Yes,10:44,B085RS01,46.65358,119.60127,3,7,3,3,22.69,,,,,,,22
yes,5/5/2013,1,2,85,Yes,10:45,B085RS02,46.65357,119.60136,6,4,2,1,24.59,,,,,,,22
yes,5/5/2013,1,2,85,Yes,10:54,B085RS03,46.65363,119.60117,6,3,2,2,1607,,,,,,,22
yes,5/5/2013,1,2,88,Yes,10:19,B088LS05,46.66189,119.59801,7,3,2,2,29.79,2,,,,,,22
yes,5/5/2013,1,2,88,Yes,9:31,B088LS01,46.66166,119.59839,7,1,4,4,34.52,,,,,,,22
yes,5/5/2013,1,2,88,Yes,9:43,B088LS02,46.6617,119.59833,7,1,4,3,34.52,,,,,,,22
yes,5/5/2013,1,2,88,Yes,9:55,B088LS03,46.66178,119.59824,7,1,4,3,29.79,,,,,,,22
yes,5/5/2013,1,2,88,Yes,9:55,B088LS04,46.66184,119.59812,6,1,4,3,34.52,,,,,,,22
yes,5/6/2013,3,7,297,Yes,12:38,B297MIL02,46.42707,119.26444,5,1,4,1,14.18,,,,,,,75
yes,5/6/2013,3,7,297,Yes,12:45,B297MIL03,46.4269,119.26441,1,4,4,1,23.17,,,,,,,75
yes,5/6/2013,3,7,297,Yes,11:52,B297MIL01,119.26442,46.42703,5,1,1,4,27.42,,,,,,,75
yes,5/6/2013,3,7,297,Yes,13:05,B297MIR03,46.42691,119.26785,1,5,4,2,23.17,,,,,,,75
yes,5/6/2013,3,7,297,Yes,12:48,B297MIR01,46.42698,119.26786,1,6,4,2,27.42,,,,,,,75
yes,5/6/2013,3,7,297,Yes,12:55,B297MIR02,46.42708,119.26786,1,8,4,2,34.52,,,,,,,75
yes,5/6/2013,3,7,306,Yes,10:15,B306LS03,46.40653,119.25992,7,4,3,3,18.91,,,,,,,77
yes,5/6/2013,3,7,306,Yes,11:00,B306RS01,46.40752,119.26841,1,9,4,3,33.1,,,,,,,77
yes,5/6/2013,3,7,306,Yes,9:40,B306LS01,46.40646,119.25998,8,4,3,2,18.91,,,,,,,77
yes,5/6/2013,3,7,306,Yes,9:53,B306LS02,46.40639,119.25997,8,4,3,2,18.91,,,,,,,77
yes,5/6/2013,3,7,306,Yes,11:20,B306RS02,46.40745,119.26849,1,6,4,3,27.42,,,,,,,77
yes,5/9/2013,2,4,179,Yes,12:20,B179LIR03,46.64599,119.41555,5,8,3,1,78.5,,,,,,,45
yes,5/9/2013,2,4,179,Yes,12:09,B179LIR01,46.64593,119.41549,5,7,3,1,78.5,,,,,,,45
yes,5/9/2013,2,4,179,Yes,12:15,B179LIR02,46.64587,119.41541,4,7,3,1,78.5,,,,,,,45
yes,5/9/2013,2,4,179,Yes,11:22,B179RS01,46.64293,119.4248,1,1,4,4,70.46,,,,,,1 RSS,45
yes,5/9/2013,2,4,179,Yes,11:38,B179RS02,46.64298,119.42494,1,1,4,4,70.46,1,,,,,,45
yes,5/9/2013,2,4,179,Yes,9:00,B179LIL01,46.64609,119.41483,4,7,2,1,78.5,,,,,,,45
yes,5/9/2013,2,4,179,Yes,9:20,B179LIL02,46.6461,119.41483,4,8,3,1,78.5,,,,,,,45
yes,5/9/2013,2,4,179,Yes,9:27,B179LIL03,46.64605,119.41484,4,8,2,1,78.5,,,,,,,45
yes,5/9/2013,2,4,179,Yes,9:30,B179LIL04,46.64601,119.41492,4,7,2,1,48.7,,,,,,,45
yes,5/9/2013,2,4,179,Yes,9:32,B179LIL05,46.64607,119.41495,4,8,2,1,48.7,,,,,,,45
yes,5/9/2013,2,4,179,Yes,9:35,B179LIL06,46.64613,119.41495,4,7,2,1,48.7,,,,,,,45
yes,5/9/2013,2,4,179,Yes,9:46,B179RIL01,46.64481,119.41882,6,8,,2,78.5,,,,,,,45
yes,5/9/2013,2,4,179,Yes,10:00,B179RIL02,46.64475,119.41876,5,8,3,2,78.5,,,,,,,45
yes,5/9/2013,2,4,179,Yes,10:04,B179RIL03,46.64486,119.41894,5,1,3,2,78.5,,,,,,,45
yes,5/9/2013,2,4,179,Yes,10:13,B179MIR01,46.64473,119.41911,5,7,3,2,39.25,,,,,,,45
yes,5/9/2013,2,4,179,Yes,10:21,B179MIR02,46.64478,119.41918,4,7,3,2,34.52,,,,,,,45
yes,5/9/2013,2,4,179,Yes,10:29,B179MIR03,46.64467,119.41905,5,7,3,2,39.25,,,,,,,45
yes,5/9/2013,2,5,195,Yes,12:54,B195RS02,46.612,119.40662,1,1,4,4,73.77,,,,,,,49
yes,5/9/2013,2,5,195,Yes,13:05,B195RS03,46.61206,119.4067,1,1,4,4,73.77,,,,1,,,49
yes,5/9/2013,2,5,195,Yes,12:49,B195RS01,46.6119,119.40658,1,1,4,4,73.77,,,,,,,49
yes,5/11/2013,1,1,9,Yes,12:04,B009LS05,46.62788,119.8362,8,6,4,3,27.42,,,,,,,3
yes,5/11/2013,1,1,9,Yes,11:15,B009LS01,46.62783,119.83644,8,6,4,3,27.42,,,,,,,3
yes,5/11/2013,1,1,9,Yes,11:31,B009LS02,46.62786,119.83659,8,6,4,3,27.42,,,,,,,3
yes,5/11/2013,1,1,9,Yes,11:42,B009LS03,46.62788,119.83672,8,6,4,3,18.91,,,,,,,3
yes,5/11/2013,1,1,9,Yes,11:52,B009LS04,46.62788,119.83632,8,6,4,3,27.42,,,,,,,3
yes,5/11/2013,1,1,11,Yes,10:07,B011LS02,46.62814,119.83015,5,3,3,2,27.42,,,,,,,3
yes,5/11/2013,1,1,11,Yes,10:23,B011LS03,46.62811,119.83031,5,3,3,2,27.42,,,,,,,3
yes,5/11/2013,1,1,11,Yes,10:07,B011LS02,46.62815,119.83022,5,3,3,1,27.42,,,,,,,3
yes,5/11/2013,1,1,11,Yes,10:30,B011LS04,46.62811,119.8304,5,3,3,2,27.42,,,,,,,3
yes,5/11/2013,1,1,11,Yes,10:40,B011LS05,46.62815,119.82989,5,3,3,2,27.42,,,,,,,3
yes,5/11/2013,1,1,22,Yes,9:36,B022RS05,46.62951,119.79366,1,8,4,4,66.6,,,,,,,6
yes,5/11/2013,1,1,22,Yes,8:59,B022RS01,46.62945,119.79403,1,8,4,4,66.6,,,,,,,6
yes,5/11/2013,1,1,22,Yes,9:15,B022RS01,46.62939,119.79416,1,8,4,4,66.6,,,,,,,6
yes,5/11/2013,1,1,22,Yes,9:22,B022RS03,46.62944,119.79386,1,8,4,4,66.6,,,,,,,6
yes,5/11/2013,1,1,22,Yes,9:32,B022RS04,46.62949,119.79375,1,8,4,4,66.6,,,,,,,6
yes,5/12/2013,2,4,175,Yes,12:00,B175LIR03,46.65344,119.42084,7,1,3,3,37.35,,,,,,,44
yes,5/12/2013,2,4,175,Yes,12:20,B175LIL01,46.65405,119.41943,7,2,3,1,58.63,,,,,,,44
yes,5/12/2013,2,4,175,Yes,12:24,B175LIL02,46.6591,119.41933,7,1,3,1,28.13,,,,,,,44
yes,5/12/2013,2,4,175,Yes,12:26,B175LIL03,46.65414,119.4195,7,1,3,1,40.9,,,,,,,44
yes,5/12/2013,2,4,175,Yes,10:10,B175RIR01,46.64908,119.42902,1,1,4,4,39.25,,,,,,,44
yes,5/12/2013,2,4,175,Yes,10:23,B175RIR02,46.64898,119.42899,1,1,4,4,29.55,,,,,,,44
yes,5/12/2013,2,4,175,Yes,10:30,B175RIR03,46.64916,119.42902,1,1,4,4,27.42,,,,,,,44
yes,5/12/2013,2,4,175,Yes,10:55,B175RIL01,46.65175,119.42398,1,6,4,3,39.25,,,,,,,44
yes,5/12/2013,2,4,175,Yes,11:05,B175RIL02,46.6517,119.4239,1,6,4,3,39.25,7,,,1,,,44
yes,5/12/2013,2,4,175,Yes,11:15,B175RIL03,46.6518,119.42408,1,6,4,3,39.25,15,,,,,,44
yes,5/12/2013,2,4,175,Yes,11:42,B175LIR01,46.65356,119.42067,7,1,3,3,27.42,,,,,,,44
yes,5/12/2013,2,4,175,Yes,11:50,B175LIR02,46.65351,119.42076,7,1,3,3,27.42,,,,,,,44
yes,5/13/2013,3,7,283,Yes,13:00,B283LIR03,46.45715,119.25633,1,1,4,4,60.53,,,,,,,71
yes,5/13/2013,3,7,283,Yes,12:27,B283RIR04,46.45732,119.25876,1,4,4,2,39.25,,,,,,,71
yes,5/13/2013,3,7,283,Yes,12:32,B283RIR05,46.45742,119.25865,4,1,4,2,39.25,,,,,,,71
yes,5/13/2013,3,7,283,Yes,12:49,B283LIR01,46.4571,119.23643,1,1,4,4,78.5,,,,,,,71
yes,5/13/2013,3,7,283,Yes,12:55,B283LIR02,46.45704,119.25652,1,1,4,4,49.65,,,,,,,71
yes,5/13/2013,3,7,283,Yes,12:17,B283RIR02,46.45716,119.25884,1,4,4,2,39.25,,,,,,,71
yes,5/13/2013,3,7,283,Yes,12:23,B283RIR03,46.45306,119.25889,1,4,4,2,39.25,,,,,,,71
yes,5/13/2013,3,7,283,Yes,12:12,B283RIR01,46.45723,119.2588,1,4,4,2,39.25,,,,,,,71
yes,5/13/2013,3,7,296,Yes,11:40,B296MIL05,46.42946,119.26481,6,1,3,2,48.71,,,,,,,74
yes,5/13/2013,3,7,296,Yes,9:45,B296MIL03,46.42913,119.26473,5,1,4,2,58.16,,,,,,,74
yes,5/13/2013,3,7,296,Yes,11:30,B296MIL04,46.42939,119.26474,5,1,3,2,53.9,,,,,,,74
yes,5/13/2013,3,7,296,Yes,9:06,B296MIL01,46.42924,119.26475,6,5,3,2,58.16,,,,,,,74
yes,5/13/2013,3,7,296,Yes,9:30,B296MIL02,46.42925,119.26483,6,5,3,1,62.42,,,,,,,74
yes,5/14/2013,2,4,174,Yes,12:17,B174RS03,46.6539,119.42501,5,6,2,2,66.67,,,,,,,44
yes,5/14/2013,2,4,174,Yes,11:20,B174RS01,46.65392,119.42496,5,6,2,2,66.67,,,,,,,44
yes,5/14/2013,2,4,174,Yes,12:06,B174RS02,46.65399,119.42496,5,6,2,2,66.67,,,,,,,44
yes,5/14/2013,2,4,174,Yes,10:47,B174LS01,46.6577,119.4175,1,1,1,1,27.9,,,,,,,44
yes,5/14/2013,2,4,174,Yes,10:59,B174LS02,46.65763,119.41746,1,1,1,1,36.41,,,,,,,44
yes,5/14/2013,2,4,182,Yes,13:19,B182LIL01,46.6403,119.41077,3,5,2,1,18.91,,,,,,,46
yes,5/14/2013,2,4,182,Yes,13:28,B182LIL02,46.64036,119.41077,3,5,2,1,27.42,,,,,,,46
yes,5/14/2013,2,4,182,Yes,13:50,B182LIL03,46.64047,119.41084,3,5,2,1,27.42,,,,,,,46
yes,5/14/2013,2,4,182,Yes,12:42,B182RIL02,46.63904,119.41724,1,5,3,4,27.42,,,,,,,46
yes,5/14/2013,2,4,182,Yes,12:53,B182RIL03,46.63919,119.41734,1,5,3,4,27.42,,,,,,,46
yes,5/14/2013,2,4,182,Yes,12:37,B182RIL01,46.63913,119.41729,1,5,3,4,23.17,,,,,,,46
yes,5/16/2013,3,7,272,Yes,12:07,B272MIR03,46.48135,119.25898,5,8,3,2,46.81,,,,,,,68
yes,5/16/2013,3,7,272,Yes,12:20,B272MIL01,46.48152,119.25639,3,5,3,3,39.25,,,,,,,68
yes,5/16/2013,3,7,272,Yes,11:37,B272MIR01,46.48124,119.25906,5,8,3,2,46.81,,,,,,,68
yes,5/16/2013,3,7,272,Yes,11:52,B272MIR02,46.48117,119.25904,5,8,3,4,46.81,,,,,,,68
yes,5/16/2013,3,7,272,Yes,12:26,B272MIL02,46.48161,119.25642,3,5,3,3,39.25,,,,,,,68
yes,5/16/2013,3,7,272,Yes,12:32,B272MIL03,46.48143,119.25635,3,5,3,3,39.25,,,,,,,68
yes,5/16/2013,3,7,272,Yes,11:52,B272MIR02,46.48117,119.25904,5,8,3,4,46.81,,,,,,,68
yes,5/17/2013,3,7,255,Yes,8:48,B255RS01,46.51609,119.27463,1,1,4,4,14.18,,,,,,,64
yes,5/17/2013,3,7,255,Yes,8:57,B255RS02,46.51601,119.27457,1,1,4,4,14.18,,,,,,,64
yes,5/17/2013,3,7,255,Yes,9:21,B255MIR02,46.51678,119.2718,1,7,4,3,18.91,,,,,,,64
yes,5/17/2013,3,7,255,Yes,9:26,B255MIR03,46.51695,119.27192,1,7,4,3,18.91,,,,,,,64
yes,5/17/2013,3,7,255,Yes,9:04,B255RS03,46.51615,119.27467,1,1,4,4,12.05,,,,,,,64
yes,5/17/2013,3,7,255,Yes,9:17,B255MIR01,46.51687,119.27184,1,7,4,3,18.91,,,,,,,64
yes,5/17/2013,3,7,265,Yes,8:21,B265RS03,46.49612,119.26247,1,5,4,3,78.5,,,,,,,67
yes,5/17/2013,3,7,265,Yes,8:26,B265RS04,46.49611,119.26256,1,5,4,3,25.06,,,,,,,67
yes,5/17/2013,3,7,265,Yes,8:10,B265RS01,46.49606,119.26244,1,5,4,3,78.5,,,,,,,67
yes,5/17/2013,3,7,265,Yes,8:16,B265RS02,46.49604,119.26248,1,5,4,3,25.06,,,,,,,67
yes,5/17/2013,3,7,265,Yes,8:29,B265RS05,46.49598,119.26243,1,5,4,3,78.5,,,,,,,67
yes,5/17/2013,3,7,265,Yes,8:32,B265RS06,46.49593,119.26247,1,5,4,3,16.07,,,,,,,67
yes,5/17/2013,3,7,278,Yes,9:54,B278RS01,46346850,119.26492,1,1,4,4,33.57,,,,,,,70
yes,5/17/2013,3,7,278,Yes,10:04,B278RS02,46.46883,119.26513,1,5,4,3,78.5,,,,,,,70
yes,5/17/2013,3,7,278,Yes,10:10,B278RS03,46.46892,119.26522,1,8,4,4,39.25,,,,,,,70
yes,5/19/2013,1,1,19,Yes,9:10,B019RS01,46.62818,119.8036,1,9,4,4,78.5,,,,,,,5
yes,5/19/2013,1,1,19,Yes,9:20,B019RS02,46.62808,119.80354,1,9,4,4,39.25,,,,,,,5
yes,5/19/2013,1,1,19,Yes,9:34,B019RS03,46.62813,119.8037,1,9,4,4,39.25,,,,,,,5
yes,5/19/2013,1,1,19,Yes,9:39,B019RS04,46.62806,119.80367,1,9,4,4,39.25,,,,,,,5
yes,5/19/2013,1,1,19,Yes,9:50,B019RS06,46.62809,119.80344,1,9,4,4,39.25,,,,,,,5
yes,5/19/2013,1,1,19,Yes,9:45,B019RS05,46.62817,119.80345,1,9,4,4,16.07,,,,,,,5
yes,5/20/2013,1,1,52,Yes,12:25,B052RS03,46.64645,119.70334,1,9,4,4,39.25,,,,,,,13
yes,5/20/2013,1,1,52,Yes,12:31,B052RS04,46.64641,119.70301,1,9,4,4,48.7,,,,,,,13
yes,5/20/2013,1,1,52,Yes,12:12,B052RS01,46.64644,119.7031,1,9,4,4,39.25,,,,,,,13
yes,5/20/2013,1,1,52,Yes,12:18,B052RS02,46.64645,119.70322,1,9,4,4,39.25,,,,,,,13
yes,5/20/2013,1,1,52,Yes,12:36,B052RS05,46.64645,119.70289,1,8,4,4,58.16,,,,,,,13
yes,5/21/2013,2,3,139,Yes,11:20,B139MIR02,46.71543,119.48414,4,7,2,2,59.58,,,,,,,35
yes,5/21/2013,2,3,139,Yes,10:39,B139MIL05,46.71676,119.48309,1,5,1,3,39.25,,,,,,,35
yes,5/21/2013,2,3,139,Yes,10:52,B139MIR01,46.71549,119.48403,4,7,3,3,78.5,,,,,,,35
yes,5/21/2013,2,3,139,Yes,9:59,B139MIL01,46.71732,119.48265,1,6,1,2,78.5,,,,,,,35
yes,5/21/2013,2,3,139,Yes,10:15,B139MIL02,46.71722,119.48271,1,6,1,2,78.5,,,,,,,35
yes,5/21/2013,2,3,139,Yes,10:24,B139MIL03,46.71718,119.48278,1,6,1,2,78.5,,,,,,,35
yes,5/21/2013,2,3,139,Yes,10:30,B139MIL04,46.717,119.48296,1,6,1,2,32.15,,,,,,,35
yes,5/21/2013,2,3,154,Yes,12:50,B154MIR03,46.68593,119.4631,1,4,1,3,78.5,,,,,,,39
yes,5/21/2013,2,3,154,Yes,11:45,B154MIL01,46.6869,119.45485,1,6,1,2,78.5,,,,,,,39
yes,5/21/2013,2,3,154,Yes,11:55,B154MIL02,46.68681,119.45482,1,6,1,2,78.5,,,,,,,39
yes,5/21/2013,2,3,154,Yes,12:05,B154MIL03,46.68672,119.4548,1,6,1,2,78.5,,,,,,,39
yes,5/21/2013,2,3,154,Yes,12:26,B154MIR01,46.68608,119.46395,1,4,1,3,78.5,,,,,,,39
yes,5/21/2013,2,3,154,Yes,12:38,B154MIR02,46.68616,119.46397,1,4,1,4,78.5,,,,,,,39
yes,5/24/2013,1,1,42,Yes,11:34,B042LS03,46.64402,119.73465,2,7,4,2,66.67,,,,,,,11
yes,5/24/2013,1,1,42,Yes,11:19,B042LS01,46.64389,119.73473,2,7,4,2,39.25,,,,,,,11
yes,5/24/2013,1,1,42,Yes,11:27,B042LS02,46.64384,119.73485,2,7,4,3,39.25,,,,,,,11
yes,5/24/2013,1,1,59,Yes,10:43,B059RS02,46.64444,119.68204,1,9,4,4,48.7,,,,,,,15
yes,5/24/2013,1,1,59,Yes,10:51,B059RS03,46.64449,119.6822,1,9,4,4,39.25,,,,,,,15
yes,5/24/2013,1,1,59,Yes,9:58,B059LS01,46.64856,119.67989,1,9,4,4,66.67,,,,,,,15
yes,5/24/2013,1,1,59,Yes,10:09,B059LS02,46.64852,119.67976,1,9,4,4,31.21,,,,,,,15
yes,5/24/2013,1,1,59,Yes,10:21,B059LS03,46.64858,119.67999,1,9,4,4,27.42,,,,,,,15
yes,5/24/2013,1,1,59,Yes,10:36,B059RS01,46.64446,119.68211,1,9,4,4,39.25,,,,,,,15
yes,5/25/2013,1,1,56,Yes,9:46,B056RS05,46.64581,119.69068,9,1,4,4,34.52,,,,,,,14
yes,5/25/2013,1,1,56,Yes,9:35,B056RS03,46.64582,119.69119,9,1,4,3,39.25,,,,,,,14
yes,5/25/2013,1,1,56,Yes,9:40,B056RS04,,,9,1,4,3,27.42,,,,,,,14
yes,5/25/2013,1,1,56,Yes,9:20,B056RS01,46.64584,119.69094,9,1,4,3,39.25,,,,,,,14
yes,5/25/2013,1,1,56,Yes,9:28,B056RS02,46.64583,119.69102,9,1,4,3,39.25,,,,,,,14
yes,5/26/2013,3,7,275,Yes,12:17,B275MIL02,46.47524,119.25471,1,1,4,4,39.25,,,,,,,69
yes,5/26/2013,3,7,275,Yes,12:24,B275MIL03,46.47544,119.25471,1,1,4,4,34.52,,,,,,,69
yes,5/26/2013,3,7,275,Yes,12:11,B275MIL01,46.47532,119.25469,1,1,4,4,34.52,,,,,,,69
yes,5/26/2013,3,7,297,Yes,10:55,B297MIL05,46.42719,119.2646,1,1,4,2,39.25,,,,,,,75
yes,5/26/2013,3,7,297,Yes,10:48,B297MIL03,46.42691,119.26459,1,1,4,2,34.52,,,,,,,75
yes,5/26/2013,3,7,297,Yes,10:51,B297MIL04,46.42684,119.2646,1,1,4,2,39.25,,,,,,,75
yes,5/26/2013,3,7,297,Yes,10:36,B297MIL01,46.42701,119.26459,1,1,4,2,34.52,1,,,,,,75
yes,5/26/2013,3,7,297,Yes,10:42,B297MIL02,46.4271,119.26458,1,1,4,2,34.52,,,,,,,75
yes,5/28/2013,1,1,12,Yes,11:55,B012RS01,46.62313,119.82635,1,9,1,4,11.82,,,,,,,3
yes,5/28/2013,1,1,12,Yes,12:06,B012RS02,46.62316,119.82629,1,9,1,4,11.82,,,,,,,3
yes,5/28/2013,1,1,12,Yes,13:08,B012MIR03,46.62846,119.82678,5,7,1,1,18.91,1,,1,,,,3
yes,5/28/2013,1,1,12,Yes,13:17,B012MIL01,46.62872,119.82708,1,7,4,3,18.91,,,,,,,3
yes,5/28/2013,1,1,12,Yes,13:24,B012MIL02,46.62872,119.8272,1,7,4,3,18.91,,,,,,,3
yes,5/28/2013,1,1,12,Yes,13:30,B012MIL03,46.62874,119.82735,1,7,4,3,18.91,,,,,,,3
yes,5/28/2013,1,1,12,Yes,12:46,B012MIR01,46.62842,119.82703,5,7,1,1,18.91,,,,,,,3
yes,5/28/2013,1,1,12,Yes,12:56,B012MIR02,46.62844,119.82691,5,7,1,1,18.91,,,,,,,3
yes,5/29/2013,2,3,150,Yes,10:32,B150LIL03,46.69717,119.45557,1,1,4,4,43.97,,,,,,,38
yes,5/29/2013,2,3,150,Yes,10:20,B150LIL01,46.69707,119.45535,1,1,4,4,56.51,,,,,,,38
yes,5/29/2013,2,3,150,Yes,10:26,B150LIL02,46.69707,119.45544,1,1,4,4,41.61,,,,,,,38
yes,5/29/2013,2,3,150,Yes,9:40,B150RIR02,46.6921,119.46644,3,1,2,4,23.17,,,,,,,38
yes,5/29/2013,2,3,150,Yes,9:43,B150RIR03,46.69228,119.46651,3,1,2,4,23.17,,,,,,,38
yes,5/29/2013,2,3,150,Yes,9:17,B150RIL03,46.69334,119.46341,3,1,1,2,23.17,,,,,,,38
yes,5/29/2013,2,3,150,Yes,9:32,B150RIR01,46.69195,119.46632,3,1,2,4,34.52,,,,,,,38
yes,5/29/2013,2,3,150,Yes,9:07,B150RIL01,46.69324,119.46319,3,1,1,2,18.91,,,,,,,38
yes,5/29/2013,2,3,150,Yes,9:12,B150RIL02,46.6932,119.46331,3,1,1,2,23.17,,,,,,,38
yes,5/29/2013,2,4,183,Yes,11:58,B183LIR03,46.63819,119.41135,5,1,2,1,18.91,,,,,,,46
yes,5/29/2013,2,4,183,Yes,11:44,B183LIR01,46.63803,119.41135,5,1,2,1,18.91,,,,,,,46
yes,5/29/2013,2,4,183,Yes,11:49,B183LIR02,46.6381,119.41133,5,1,2,1,18.91,,,,,,,46
yes,5/29/2013,2,4,183,Yes,11:16,B183RIL02,46.63701,119.41611,7,1,3,4,18.91,,,,,,,46
yes,5/29/2013,2,4,183,Yes,11:22,B183RIL03,46.63711,119.41614,7,1,3,4,18.91,,,,,,,46
yes,5/29/2013,2,4,183,Yes,11:12,B183RIL01,46.63691,119.41609,7,1,3,3,18.91,,,,,,,46
yes,5/29/2013,2,5,197,Yes,12:32,B197RS02,46.60785,119.40282,7,1,3,1,39.25,,,,,,,50
yes,5/29/2013,2,5,197,Yes,12:41,B197RS03,46.60795,119.40298,7,1,3,1,38.3,,,,,,,50
yes,5/29/2013,2,5,197,Yes,12:30,B197RS01,46.6078,119.40277,7,1,3,1,48.7,,,,,,,50
yes,5/30/2013,2,3,135,Yes,9:30,B135MIL01,46.71473,119.49494,7,4,3,2,78.5,,,,,,,34
yes,5/30/2013,2,3,135,Yes,9:43,B135MIL02,46.71478,119.49504,7,4,3,2,78.5,,,,,,,34
yes,5/30/2013,2,3,135,Yes,9:58,B135MIL03,46.71467,119.49486,7,4,3,2,78.5,,,,1,,,34
yes,5/30/2013,2,3,135,Yes,10:13,B135MIR01,46.71461,119.49493,7,4,3,2,78.5,,,,,,,34
yes,5/30/2013,2,3,135,Yes,10:27,B135MIR02,46.71466,119.49503,7,4,3,2,78.5,,,,,,,34
yes,5/30/2013,2,3,135,Yes,10:42,B135MIR03,46.71471,119.49514,7,4,3,2,78.5,,,,,,,34
yes,5/30/2013,2,3,140,Yes,12:05,B140MIR01,46.71337,119.47819,1,7,3,3,34.52,,,,,,,35
yes,5/30/2013,2,3,140,Yes,12:21,B140MIR02,46.71331,119.47811,1,7,3,4,34.52,,,,,,,35
yes,5/30/2013,2,3,140,Yes,12:37,B140MIR03,46.71331,119.47837,1,7,3,3,66.67,1,,,,,,35
yes,5/30/2013,2,3,140,Yes,12:50,B140MIR04,46.71342,119.47837,1,7,3,3,39.25,,,,,,,35
yes,5/30/2013,2,3,140,Yes,13:07,B140MIR05,46.71351,119.47843,1,3,4,4,39.25,,,,,,,35
yes,5/31/2013,1,2,62,Yes,8:50,B062RS01,46.64212,119.673,1,9,4,1,53.91,,,,,,,16
yes,5/31/2013,1,2,62,Yes,9:00,B062RS02,46.64205,119.67306,1,9,4,1,78.5,,,,,,,16
yes,5/31/2013,1,2,62,Yes,9:05,B062RS03,46.64203,119.67307,1,9,4,2,78.5,,,,,,,16
yes,5/31/2013,1,2,62,Yes,9:29,B062LS01,46.64571,119.67111,1,9,4,3,78.5,,,,,,,16
yes,5/31/2013,1,2,62,Yes,9:35,B062LS02,46.64568,119.67101,1,9,4,3,78.5,,,,,,,16
yes,5/31/2013,1,2,62,Yes,9:42,B062LS03,46.64577,119.6712,1,9,4,3,78.5,,,,,,,16
yes,5/31/2013,1,2,111,Yes,10:20,B111LS01,46.70132,119.55,1,9,4,1,50.13,,,,,,,28
yes,5/31/2013,1,2,111,Yes,10:33,B111LS02,46.70134,199.55,1,9,4,3,78.5,,,,,,,28
yes,5/31/2013,1,2,111,Yes,10:37,B111LS03,46.70135,119.55008,1,9,4,3,60.53,,,,,,,28
yes,5/31/2013,1,2,111,Yes,10:43,B111LS04,,,1,7,4,2,78.5,,,,,,,28
yes,5/31/2013,1,2,111,Yes,10:50,B111LS05,46.70145,119.55025,1,5,4,2,78.5,,,,,,,28
yes,5/31/2013,1,2,117,Yes,11:04,B117RS01,46.70697,119.53201,4,7,4,1,78.5,,,,,,,30
yes,5/31/2013,1,2,117,Yes,11:12,B117RS02,46.7069,119.53201,4,7,4,1,78.5,,,,,,,30
yes,5/31/2013,1,2,117,Yes,11:18,B117RS03,46.70678,119.53208,4,7,4,1,78.5,,,,,,,30
yes,5/31/2013,1,2,117,Yes,11:30,B117LS01,46.71025,119.53714,1,1,4,3,78.5,,,,,,,30
yes,5/31/2013,1,2,117,Yes,11:36,B117LS02,46.71033,119.53706,1,1,4,3,78.5,,,,,,,30
yes,5/31/2013,1,2,117,Yes,11:43,B117LS03,46.71041,119.53704,1,6,4,4,78.5,,,,,,,30
yes,6/1/2013,1,1,31,Yes,10:18,B031RS05,46.63346,119.76627,9,1,4,3,78.5,,,,,,,8
yes,6/1/2013,1,1,31,Yes,10:00,B031RS03,46.63335,119.76643,9,1,4,4,11.82,,,,,,,8
yes,6/1/2013,1,1,31,Yes,10:10,B031RS04,46.63346,119.76653,9,1,4,3,78.5,,,,,,,8
yes,6/1/2013,1,1,31,Yes,9:41,B031RS01,46.63359,119.76634,9,1,4,3,78.5,,,,,,,8
yes,6/1/2013,1,1,31,Yes,9:53,B031RS02,46.6334,119.76639,9,1,4,3,78.5,,,,,,,8
yes,6/1/2013,1,2,64,Yes,11:10,B064RS02,46.63989,119.66711,1,1,4,4,35.23,,,,,,,16
yes,6/1/2013,1,2,64,Yes,11:24,B064RS03,46.64005,119.66689,1,1,4,4,78.5,,,,,,,16
yes,6/1/2013,1,2,64,Yes,11:05,B064RS01,46.63998,119.66707,1,1,4,4,78.5,,,,,,,16
yes,6/1/2013,1,2,64,Yes,11:30,B064RS04,46.63995,119.66695,1,1,4,4,78.5,,,,,,,16
yes,6/1/2013,1,2,64,Yes,11:37,B064RS05,46.64009,119.66718,1,1,4,4,70.46,,,,,,,16
yes,6/1/2013,1,2,64,Yes,11:43,B064RS06,46.64001,119.66725,1,1,4,4,54.61,,,,,,,16
yes,6/4/2013,3,7,279,Yes,12:19,B279MIL01,46.46606,119.25462,1,7,3,3,37.35,,,,,,,70
yes,6/4/2013,3,7,279,Yes,12:34,B279MIL02,46.46597,119.25467,1,7,3,3,37.35,,,,,,,70
yes,6/4/2013,3,7,279,Yes,12:44,B279MIL03,46.46591,119.25471,1,7,3,3,34.52,,,,,,,70
yes,6/4/2013,3,7,294,Yes,10:15,B294MIL01,46.4337,119.26353,5,8,3,2,78.5,,,,,,,74
yes,6/4/2013,3,7,294,Yes,10:29,B294MIL02,46.43362,119.26358,5,8,3,2,78.5,,,,,,,74
yes,6/4/2013,3,7,294,Yes,10:43,B294MIL03,46.43349,119.26355,5,8,3,2,78.5,,,,,,,74
yes,6/4/2013,3,7,294,Yes,11:10,B294MIR01,46.43398,119.26852,1,1,4,4,27.9,,,,,,,74
yes,6/4/2013,3,7,294,Yes,11:23,B294MIR02,46.43406,119.26849,1,1,4,4,23.17,,,,,,,74
yes,6/8/2013,1,1,46,Yes,12:17,B046RS02,46.64426,119.72055,9,1,4,4,48.7,,,,,,,12
yes,6/8/2013,1,1,46,Yes,12:19,B046RS03,46.64425,119.7208,9,1,4,4,76.3,,,,,,,12
yes,6/8/2013,1,1,46,Yes,12:21,B046RS04,46.64411,119.72085,9,1,4,4,78.5,,,,,,,12
yes,6/8/2013,1,1,46,Yes,12:22,B046RS05,46.64405,119.72094,9,1,4,4,78.5,,,,,,,12
yes,6/8/2013,1,1,46,Yes,12:06,B046RS01,46.64425,119.72067,9,1,4,4,78.5,,,,,,,12
yes,6/8/2013,1,1,49,Yes,13:10,B049RS05,46.64547,119.71239,9,1,4,4,39.25,,,,,,,13
yes,6/8/2013,1,1,49,Yes,12:55,B049RS01,46.64552,119.71192,9,1,4,4,78.5,,,,,,,13
yes,6/8/2013,1,1,49,Yes,13:00,B049RS02,46.64549,119.71202,9,1,4,4,78.5,,,,,,,13
yes,6/8/2013,1,1,49,Yes,13:05,B049RS03,46.6455,119.71213,9,1,4,4,39.25,,,,,,,13
yes,6/8/2013,1,1,49,Yes,13:10,B049RS04,46.64549,119.71227,9,1,4,4,39.25,,,,,,,13
yes,6/8/2013,3,8,343,Yes,9:55,B343MIR05,46.32766,119.25697,6,4,3,2,48.7,,,,,,,86
yes,6/8/2013,3,8,343,Yes,9:46,B343MIR03,46.32753,119.25694,6,5,3,2,20.33,,,,,,,86
yes,6/8/2013,3,8,343,Yes,9:51,B343MIR04,46.32761,119.25697,6,4,3,2,29.79,,,,,,,86
yes,6/8/2013,3,8,343,Yes,9:35,B343MIR01,46.32744,119.25692,6,4,3,2,25.06,,,,,,,86
yes,6/8/2013,3,8,343,Yes,9:42,B343MIR02,46.32734,119.25692,6,4,3,2,16.07,,,,,,,86
yes,6/8/2013,3,8,348,Yes,8:48,B348MIL02,46.31641,119.25283,3,7,2,2,48.7,,,,,,,87
yes,6/8/2013,3,8,348,Yes,8:52,B348MIL03,46.31623,119.25278,2,7,2,1,39.25,,,,,,,87
yes,6/8/2013,3,8,348,Yes,8:19,B348MIR01,46.31638,119.25403,7,4,2,2,65.96,,,,,,,87
yes,6/8/2013,3,8,348,Yes,8:25,B348MIR02,46.31628,119.25405,5,1,3,4,45.87,,,,,,,87
yes,6/8/2013,3,8,348,Yes,8:28,B348MIR03,46.31647,119.25397,7,3,2,2,39.25,,,,,,,87
yes,6/8/2013,3,8,348,Yes,8:45,B348MIL01,46.31633,119.2528,3,7,2,1,29.79,,,,,,,87
yes,6/9/2013,3,7,278,Yes,9:44,B278RS03,46.46865,119.26489,3,9,2,3,35.46,,,,,,,70
yes,6/9/2013,3,7,278,Yes,8:30,B278MIL01,46.46786,119.25427,5,2,3,2,46.34,,,,,,,70
yes,6/9/2013,3,7,278,Yes,8:40,B278MIL02,46.46795,119.2543,5,2,3,2,46.34,,,,,,,70
yes,6/9/2013,3,7,278,Yes,8:45,B278MIL03,46.46802,119.25429,5,2,3,2,48.23,,,,,,,70
yes,6/9/2013,3,7,278,Yes,8:53,B278MIR01,46.46827,119.25688,1,1,1,3,18.91,,,,,,,70
yes,6/9/2013,3,7,278,Yes,8:56,B278MIR02,46.46821,119.25685,1,1,1,3,18.91,,,,,,,70
yes,6/9/2013,3,7,278,Yes,9:01,B278MIR03,46.46813,119.25684,1,1,1,3,18.91,,,,,,,70
yes,6/9/2013,3,7,278,Yes,9:30,B278RS01,46.46849,119.26487,3,9,2,3,35.46,,,,,,,70
yes,6/9/2013,3,7,278,Yes,9:34,B278RS02,46.46857,119.26488,3,9,2,3,35.46,,,,,,,70
no,03/02/2013,2,6,221,No,,,,,,,,,,,,,,,,56
no,03/06/2013,3,8,343,No,,,,,,,,,,,,,,,,86
no,03/06/2013,3,8,343,Yes,,,,,,,,,,,,,,,,86
no,03/06/2013,3,8,343,Yes,,,,,,,,,,,,,,,,86
no,03/06/2013,3,8,355,Yes,,,,,,,,,,,,,,,,89
no,03/06/2013,3,8,355,Yes,,,,,,,,,,,,,,,,89
no,03/06/2013,3,8,355,No,,,,,,,,,,,,,,,,89
no,03/06/2013,3,8,357,Yes,,,,,,,,,,,,,,,,90
no,03/06/2013,3,8,359,Yes,,,,,,,,,,,,,,,,90
no,03/07/2013,1,1,27,No,,,,,,,,,,,,,,,,7
no,03/07/2013,1,1,27,No,,,,,,,,,,,,,,,,7
no,03/07/2013,1,1,27,No,,,,,,,,,,,,,,,,7
no,03/07/2013,1,1,56,No,,,,,,,,,,,,,,,,14
no,03/07/2013,1,1,56,No,,,,,,,,,,,,,,,,14
no,03/07/2013,1,2,66,No,,,,,,,,,,,,,,,,17
no,03/08/2013,1,1,44,No,,,,,,,,,,,,,,,,11
no,03/08/2013,1,1,44,No,,,,,,,,,,,,,,,,11
no,03/08/2013,1,1,57,No,,,,,,,,,,,,,,,,15
no,03/08/2013,1,1,57,No,,,,,,,,,,,,,,,,15
no,03/08/2013,1,2,70,No,,,,,,,,,,,,,,,,18
no,03/08/2013,1,2,70,No,,,,,,,,,,,,,,,,18
no,03/08/2013,1,2,77,No,,,,,,,,,,,,,,,,20
no,03/08/2013,1,2,77,No,,,,,,,,,,,,,,,,20
no,03/08/2013,1,2,77,No,,,,,,,,,,,,,,,,20
no,03/08/2013,1,2,114,No,,,,,,,,,,,,,,,,29
no,03/08/2013,1,2,114,No,,,,,,,,,,,,,,,,29
no,03/08/2013,1,2,114,No,,,,,,,,,,,,,,,,29
no,03/08/2013,1,2,114,No,,,,,,,,,,,,,,,,29
no,03/10/2013,3,7,251,Yes,,,,,,,,,,,,,,,,63
no,03/10/2013,3,7,288,No,,,,,,,,,,,,,,,,72
no,03/10/2013,3,7,288,No,,,,,,,,,,,,,,,,72
no,03/10/2013,3,7,288,Yes,,,,,,,,,,,,,,,,72
no,03/11/2013,1,2,72,No,,,,,,,,,,,,,,,,18
no,03/12/2013,2,3,125,No,,,,,,,,,,,,,,,,32
no,03/12/2013,2,3,125,No,,,,,,,,,,,,,,,,32
no,03/12/2013,2,3,125,No,,,,,,,,,,,,,,,,32
no,03/16/2013,3,7,274,Yes,,,,,,,,,,,,,,,,69
no,03/18/2013,2,3,139,No,,,,,,,,,,,,,,,,35
no,03/18/2013,2,3,139,No,,,,,,,,,,,,,,,,35
no,03/18/2013,2,3,139,No,,,,,,,,,,,,,,,,35
no,03/18/2013,2,3,139,No,,,,,,,,,,,,,,,,35
no,03/18/2013,2,3,141,No,,,,,,,,,,,,,,,,36
no,03/18/2013,2,3,141,No,,,,,,,,,,,,,,,,36
no,03/18/2013,2,3,141,No,,,,,,,,,,,,,,,,36
no,03/18/2013,2,3,141,No,,,,,,,,,,,,,,,,36
no,03/18/2013,2,4,170,No,,,,,,,,,,,,,,,,43
no,03/18/2013,2,4,170,No,,,,,,,,,,,,,,,,43
no,03/18/2013,2,4,172,No,,,,,,,,,,,,,,,,43
no,03/18/2013,2,4,172,No,,,,,,,,,,,,,,,,43
no,03/18/2013,2,4,176,No,,,,,,,,,,,,,,,,44
no,03/18/2013,2,4,176,No,,,,,,,,,,,,,,,,44
no,03/18/2013,2,4,176,No,,,,,,,,,,,,,,,,44
no,03/18/2013,2,4,176,No,,,,,,,,,,,,,,,,44
no,03/18/2013,2,4,180,No,,,,,,,,,,,,,,,,45
no,03/18/2013,2,4,180,No,,,,,,,,,,,,,,,,45
no,03/18/2013,2,4,180,No,,,,,,,,,,,,,,,,45
no,03/18/2013,2,4,180,No,,,,,,,,,,,,,,,,45
no,03/18/2013,2,4,182,No,,,,,,,,,,,,,,,,46
no,03/18/2013,2,4,182,No,,,,,,,,,,,,,,,,46
no,03/18/2013,2,4,182,No,,,,,,,,,,,,,,,,46
no,03/18/2013,2,4,182,No,,,,,,,,,,,,,,,,46
no,03/19/2013,1,2,73,No,,,,,,,,,,,,,,,,19
no,03/19/2013,1,2,73,No,,,,,,,,,,,,,,,,19
no,03/19/2013,1,2,73,No,,,,,,,,,,,,,,,,19
no,03/19/2013,1,2,76,No,,,,,,,,,,,,,,,,19
no,03/19/2013,1,2,76,No,,,,,,,,,,,,,,,,19
no,03/19/2013,1,2,76,No,,,,,,,,,,,,,,,,19
no,03/19/2013,1,2,76,No,,,,,,,,,,,,,,,,19
no,03/19/2013,1,2,76,No,,,,,,,,,,,,,,,,19
no,03/19/2013,2,4,169,No,,,,,,,,,,,,,,,,43
no,03/20/2013,1,1,9,No,,,,,,,,,,,,,,,,3
no,03/20/2013,1,2,113,No,,,,,,,,,,,,,,,,29
no,03/20/2013,1,2,113,No,,,,,,,,,,,,,,,,29
no,03/20/2013,1,2,113,No,,,,,,,,,,,,,,,,29
no,03/21/2013,1,2,66,No,,,,,,,,,,,,,,,,17
no,03/21/2013,1,2,75,No,,,,,,,,,,,,,,,,19
no,03/24/2013,3,7,248,No,,,,,,,,,,,,,,,,62
no,03/24/2013,3,7,293,No,,,,,,,,,,,,,,,,74
no,03/24/2013,3,7,293,No,,,,,,,,,,,,,,,,74
no,03/24/2013,3,7,306,No,,,,,,,,,,,,,,,,77
no,03/24/2013,3,7,306,No,,,,,,,,,,,,,,,,77
no,03/27/2013,1,2,74,Yes,,,,,,,,,,,,,,,,19
no,03/27/2013,1,2,74,No,,,,,,,,,,,,,,,,19
no,03/29/2013,1,1,29,Yes,,,,,,,,,,,,,,,,8
no,03/29/2013,1,1,29,Yes,,,,,,,,,,,,,,,,8
no,03/29/2013,1,1,45,Yes,,,,,,,,,,,,,,,,12
no,03/29/2013,1,2,69,Yes,,,,,,,,,,,,,,,,18
no,03/30/2013,2,3,115,Yes,,,,,,,,,,,,,,,,29
no,03/30/2013,2,3,115,Yes,,,,,,,,,,,,,,,,29
no,03/30/2013,2,3,115,Yes,,,,,,,,,,,,,,,,29
no,03/31/2013,3,7,277,Yes,,,,,,,,,,,,,,,,70
no,03/31/2013,3,7,277,Yes,,,,,,,,,,,,,,,,70
no,03/31/2013,3,7,277,Yes,,,,,,,,,,,,,,,,70
no,03/31/2013,3,7,277,Yes,,,,,,,,,,,,,,,,70
no,03/31/2013,3,7,296,Yes,,,,,,,,,,,,,,,,74
no,03/31/2013,3,7,296,Yes,,,,,,,,,,,,,,,,74
no,04/05/2013,1,1,29,Yes,,,,,,,,,,,,,,,,8
no,04/05/2013,1,1,29,No,,,,,,,,,,,,,,,,8
no,04/05/2013,1,2,93,Yes,,,,,,,,,,,,,,,,24
no,04/07/2013,2,3,152,No,,,,,,,,,,,,,,,,38
no,04/07/2013,2,3,152,No,,,,,,,,,,,,,,,,38
no,04/07/2013,2,4,165,No,,,,,,,,,,,,,,,,42
no,04/08/2013,2,4,178,No,,,,,,,,,,,,,,,,45
no,04/08/2013,2,4,178,No,,,,,,,,,,,,,,,,45
no,04/08/2013,2,4,178,No,,,,,,,,,,,,,,,,45
no,04/08/2013,2,4,178,No,,,,,,,,,,,,,,,,45
no,04/08/2013,2,4,178,Yes,,,,,,,,,,,,,,,,45
no,04/08/2013,2,4,178,Yes,,,,,,,,,,,,,,,,45
no,04/08/2013,2,4,178,No,,,,,,,,,,,,,,,,45
no,04/09/2013,1,1,52,No,,,,,,,,,,,,,,,,13
no,04/09/2013,1,1,57,No,,,,,,,,,,,,,,,,15
no,04/10/2013,3,7,262,No,,,,,,,,,,,,,,,,66
no,04/10/2013,3,8,334,No,,,,,,,,,,,,,,,,84
no,04/10/2013,3,8,334,No,,,,,,,,,,,,,,,,84
no,04/11/2013,3,7,250,No,,,,,,,,,,,,,,,,63
no,04/11/2013,3,7,281,No,,,,,,,,,,,,,,,,71
no,04/12/2013,1,1,25,No,,,,,,,,,,,,,,,,7
no,04/12/2013,1,1,32,No,,,,,,,,,,,,,,,,8
no,04/15/2013,1,2,93,Yes,,,,,,,,,,,,,,,,24
no,04/15/2013,1,2,103,Yes,,,,,,,,,,,,,,,,26
no,04/16/2013,2,3,157,No,,,,,,,,,,,,,,,,40
no,04/16/2013,2,3,157,No,,,,,,,,,,,,,,,,40
no,04/16/2013,2,3,157,No,,,,,,,,,,,,,,,,40
no,04/16/2013,2,4,172,No,,,,,,,,,,,,,,,,43
no,04/16/2013,2,4,172,No,,,,,,,,,,,,,,,,43
no,04/17/2013,1,2,98,No,,,,,,,,,,,,,,,,25
no,04/17/2013,1,2,101,Yes,,,,,,,,,,,,,,,,26
no,04/18/2013,1,2,105,No,,,,,,,,,,,,,,,,27
no,04/19/2013,2,5,202,No,,,,,,,,,,,,,,,,51
no,04/19/2013,2,5,202,No,,,,,,,,,,,,,,,,51
no,04/20/2013,3,7,255,No,,,,,,,,,,,,,,,,64
no,04/20/2013,3,7,255,No,,,,,,,,,,,,,,,,64
no,04/20/2013,3,7,255,No,,,,,,,,,,,,,,,,64
no,04/20/2013,3,7,255,No,,,,,,,,,,,,,,,,64
no,04/20/2013,3,7,255,No,,,,,,,,,,,,,,,,64
no,04/20/2013,3,7,255,No,,,,,,,,,,,,,,,,64
no,04/20/2013,3,7,272,No,,,,,,,,,,,,,,,,68
no,04/20/2013,3,7,272,No,,,,,,,,,,,,,,,,68
no,04/20/2013,3,7,272,No,,,,,,,,,,,,,,,,68
no,04/20/2013,3,7,272,No,,,,,,,,,,,,,,,,68
no,04/21/2013,2,3,129,No,,,,,,,,,,,,,,,,33
no,04/21/2013,2,3,129,No,,,,,,,,,,,,,,,,33
no,04/21/2013,2,3,142,No,,,,,,,,,,,,,,,,36
no,04/21/2013,2,3,142,No,,,,,,,,,,,,,,,,36
no,04/21/2013,2,3,142,No,,,,,,,,,,,,,,,,36
no,04/23/2013,1,2,99,No,,,,,,,,,,,,,,,,25
no,04/23/2013,2,3,125,No,,,,,,,,,,,,,,,,32
no,04/23/2013,2,3,125,No,,,,,,,,,,,,,,,,32
no,04/24/2013,1,1,6,No,,,,,,,,,,,,,,,,2
no,04/24/2013,1,1,6,No,,,,,,,,,,,,,,,,2
no,04/24/2013,1,1,10,No,,,,,,,,,,,,,,,,3
no,04/25/2013,3,8,337,No,,,,,,,,,,,,,,,,85
no,04/27/2013,1,1,27,No,,,,,,,,,,,,,,,,7
no,04/27/2013,1,1,35,No,,,,,,,,,,,,,,,,9
no,04/27/2013,1,1,45,Yes,,,,,,,,,,,,,,,,12
no,04/27/2013,1,1,48,Yes,,,,,,,,,,,,,,,,12
no,04/29/2013,3,7,273,No,,,,,,,,,,,,,,,,69
no,04/29/2013,3,7,273,No,,,,,,,,,,,,,,,,69
no,04/29/2013,3,7,276,No,,,,,,,,,,,,,,,,69
no,04/29/2013,3,7,276,No,,,,,,,,,,,,,,,,69
no,04/29/2013,3,7,276,No,,,,,,,,,,,,,,,,69
no,04/29/2013,3,7,287,No,,,,,,,,,,,,,,,,72
no,04/29/2013,3,7,287,No,,,,,,,,,,,,,,,,72
no,04/29/2013,3,7,287,No,,,,,,,,,,,,,,,,72
no,04/29/2013,3,7,287,No,,,,,,,,,,,,,,,,72
no,05/01/2013,2,6,225,No,,,,,,,,,,,,,,,,57
no,05/01/2013,3,7,266,No,,,,,,,,,,,,,,,,67
no,05/01/2013,3,7,266,No,,,,,,,,,,,,,,,,67
no,05/01/2013,3,7,266,No,,,,,,,,,,,,,,,,67
no,05/01/2013,3,7,298,No,,,,,,,,,,,,,,,,75
no,05/01/2013,3,7,298,No,,,,,,,,,,,,,,,,75
no,05/01/2013,3,7,298,No,,,,,,,,,,,,,,,,75
no,05/01/2013,3,7,298,No,,,,,,,,,,,,,,,,75
no,05/01/2013,3,7,298,No,,,,,,,,,,,,,,,,75
no,05/03/2013,1,1,21,No,,,,,,,,,,,,,,,,6
no,05/03/2013,1,1,54,Yes,,,,,,,,,,,,,,,,14
no,05/04/2013,2,3,121,No,,,,,,,,,,,,,,,,31
no,05/04/2013,2,3,121,No,,,,,,,,,,,,,,,,31
no,05/05/2013,1,2,62,No,,,,,,,,,,,,,,,,16
no,05/05/2013,1,2,88,No,,,,,,,,,,,,,,,,22
no,05/06/2013,3,7,297,No,,,,,,,,,,,,,,,,75
no,05/06/2013,3,7,297,No,,,,,,,,,,,,,,,,75
no,05/09/2013,2,4,179,No,,,,,,,,,,,,,,,,45
no,05/09/2013,2,4,179,No,,,,,,,,,,,,,,,,45
no,05/09/2013,2,5,195,No,,,,,,,,,,,,,,,,49
no,05/11/2013,1,1,9,No,,,,,,,,,,,,,,,,3
no,05/11/2013,1,1,11,No,,,,,,,,,,,,,,,,3
no,05/11/2013,1,1,22,Yes,,,,,,,,,,,,,,,,6
no,05/12/2013,2,4,175,Yes,,,,,,,,,,,,,,,,44
no,05/12/2013,2,4,175,No,,,,,,,,,,,,,,,,44
no,05/13/2013,3,7,283,Yes,,,,,,,,,,,,,,,,71
no,05/13/2013,3,7,283,Yes,,,,,,,,,,,,,,,,71
no,05/13/2013,3,7,283,No,,,,,,,,,,,,,,,,71
no,05/13/2013,3,7,283,Yes,,,,,,,,,,,,,,,,71
no,05/13/2013,3,7,296,No,,,,,,,,,,,,,,,,74
no,05/13/2013,3,7,296,No,,,,,,,,,,,,,,,,74
no,05/13/2013,3,7,296,No,,,,,,,,,,,,,,,,74
no,05/13/2013,3,7,301,No,,,,,,,,,,,,,,,,76
no,05/13/2013,3,7,301,No,,,,,,,,,,,,,,,,76
no,05/13/2013,3,7,301,No,,,,,,,,,,,,,,,,76
no,05/13/2013,3,7,301,No,,,,,,,,,,,,,,,,76
no,05/14/2013,2,4,164,Yes,,,,,,,,,,,,,,,,41
no,05/14/2013,2,4,164,Yes,,,,,,,,,,,,,,,,41
no,05/14/2013,2,4,182,Yes,,,,,,,,,,,,,,,,46
no,05/14/2013,2,4,182,Yes,,,,,,,,,,,,,,,,46
no,05/16/2013,3,7,272,No,,,,,,,,,,,,,,,,68
no,05/16/2013,3,7,272,No,,,,,,,,,,,,,,,,68
no,05/16/2013,3,7,281,No,,,,,,,,,,,,,,,,71
no,05/16/2013,3,7,281,No,,,,,,,,,,,,,,,,71
no,05/16/2013,3,7,281,No,,,,,,,,,,,,,,,,71
no,05/16/2013,3,7,281,No,,,,,,,,,,,,,,,,71
no,05/17/2013,3,7,255,Yes,,,,,,,,,,,,,,,,64
no,05/17/2013,3,7,255,Yes,,,,,,,,,,,,,,,,64
no,05/17/2013,3,7,265,Yes,,,,,,,,,,,,,,,,67
no,05/17/2013,3,7,278,Yes,,,,,,,,,,,,,,,,70
no,05/17/2013,3,7,295,No,,,,,,,,,,,,,,,,74
no,05/17/2013,3,7,295,No,,,,,,,,,,,,,,,,74
no,05/17/2013,3,7,300,No,,,,,,,,,,,,,,,,75
no,05/17/2013,3,7,300,No,,,,,,,,,,,,,,,,75
no,05/19/2013,1,1,19,No,,,,,,,,,,,,,,,,5
no,05/20/2013,1,1,38,No,,,,,,,,,,,,,,,,10
no,05/20/2013,1,1,38,No,,,,,,,,,,,,,,,,10
no,05/20/2013,1,1,52,No,,,,,,,,,,,,,,,,13
no,05/20/2013,1,2,73,No,,,,,,,,,,,,,,,,19
no,05/20/2013,1,2,73,No,,,,,,,,,,,,,,,,19
no,05/21/2013,2,3,139,Yes,,,,,,,,,,,,,,,,35
no,05/21/2013,2,3,139,No,,,,,,,,,,,,,,,,35
no,05/21/2013,2,3,154,No,,,,,,,,,,,,,,,,39
no,05/21/2013,2,3,154,No,,,,,,,,,,,,,,,,39
no,05/22/2013,2,6,219,No,,,,,,,,,,,,,,,,55
no,05/22/2013,2,6,219,No,,,,,,,,,,,,,,,,55
no,05/23/2013,1,2,65,No,,,,,,,,,,,,,,,,17
no,05/23/2013,1,2,65,No,,,,,,,,,,,,,,,,17
no,05/24/2013,1,1,32,No,,,,,,,,,,,,,,,,8
no,05/24/2013,1,1,32,No,,,,,,,,,,,,,,,,8
no,05/24/2013,1,1,42,No,,,,,,,,,,,,,,,,11
no,05/24/2013,1,1,55,No,,,,,,,,,,,,,,,,14
no,05/24/2013,1,1,55,No,,,,,,,,,,,,,,,,14
no,05/25/2013,1,1,56,Yes,,,,,,,,,,,,,,,,14
no,05/25/2013,1,2,70,No,,,,,,,,,,,,,,,,18
no,05/25/2013,1,2,70,No,,,,,,,,,,,,,,,,18
no,05/25/2013,1,2,108,No,,,,,,,,,,,,,,,,27
no,05/25/2013,1,2,108,No,,,,,,,,,,,,,,,,27
no,05/25/2013,1,2,116,No,,,,,,,,,,,,,,,,29
no,05/25/2013,1,2,116,No,,,,,,,,,,,,,,,,29
no,05/26/2013,2,3,157,No,,,,,,,,,,,,,,,,40
no,05/26/2013,2,3,157,Yes,,,,,,,,,,,,,,,,40
no,05/26/2013,2,3,157,No,,,,,,,,,,,,,,,,40
no,05/26/2013,2,3,157,Yes,,,,,,,,,,,,,,,,40
no,05/26/2013,2,4,173,No,,,,,,,,,,,,,,,,44
no,05/26/2013,2,4,173,No,,,,,,,,,,,,,,,,44
no,05/26/2013,3,7,249,No,,,,,,,,,,,,,,,,63
no,05/26/2013,3,7,249,No,,,,,,,,,,,,,,,,63
no,05/26/2013,3,7,275,Yes,,,,,,,,,,,,,,,,69
no,05/26/2013,3,7,275,No,,,,,,,,,,,,,,,,69
no,05/26/2013,3,7,275,No,,,,,,,,,,,,,,,,69
no,05/26/2013,3,7,297,No,,,,,,,,,,,,,,,,75
no,05/26/2013,3,7,297,No,,,,,,,,,,,,,,,,75
no,05/26/2013,3,7,297,No,,,,,,,,,,,,,,,,75
no,05/29/2013,2,3,150,Yes,,,,,,,,,,,,,,,,38
no,05/29/2013,2,3,150,No,,,,,,,,,,,,,,,,38
no,05/29/2013,2,3,150,No,,,,,,,,,,,,,,,,38
no,05/29/2013,2,4,183,No,,,,,,,,,,,,,,,,46
no,05/29/2013,2,4,183,No,,,,,,,,,,,,,,,,46
no,05/30/2013,2,3,135,No,,,,,,,,,,,,,,,,34
no,05/30/2013,2,3,135,No,,,,,,,,,,,,,,,,34
no,05/30/2013,2,3,140,No,,,,,,,,,,,,,,,,35
no,05/30/2013,2,3,140,No,,,,,,,,,,,,,,,,35
no,05/30/2013,2,3,140,No,,,,,,,,,,,,,,,,35
no,05/31/2013,1,2,111,Yes,,,,,,,,,,,,,,,,28
no,06/01/2013,1,1,29,Yes,,,,,,,,,,,,,,,,8
no,06/01/2013,1,1,29,Yes,,,,,,,,,,,,,,,,8
no,06/01/2013,1,1,31,Yes,,,,,,,,,,,,,,,,8
no,06/01/2013,1,2,64,No,,,,,,,,,,,,,,,,16
no,06/04/2013,3,7,279,Yes,,,,,,,,,,,,,,,,70
no,06/04/2013,3,7,279,Yes,,,,,,,,,,,,,,,,70
no,06/04/2013,3,7,294,Yes,,,,,,,,,,,,,,,,74
no,06/04/2013,3,7,294,Yes,,,,,,,,,,,,,,,,74
no,06/08/2013,1,1,46,No,,,,,,,,,,,,,,,,12
no,06/08/2013,1,1,49,No,,,,,,,,,,,,,,,,13
no,06/08/2013,3,8,343,No,,,,,,,,,,,,,,,,86
no,06/08/2013,3,8,343,Yes,,,,,,,,,,,,,,,,86
no,06/08/2013,3,8,343,No,,,,,,,,,,,,,,,,86
no,06/08/2013,3,8,348,Yes,,,,,,,,,,,,,,,,87
no,06/08/2013,3,8,348,No,,,,,,,,,,,,,,,,87
no,06/08/2013,3,8,359,No,,,,,,,,,,,,,,,,90
no,06/08/2013,3,8,359,No,,,,,,,,,,,,,,,,90
no,06/09/2013,3,7,278,No,,,,,,,,,,,,,,,,70
